go : 2026/09/22 18:08:52 Loaded .env from: .env
At line:1 char:1
+ go run ./cmd/showfk 2>&1 | Out-File -FilePath showfk-out.txt -Encodin ...
+ ~~~~~~~~~~~~~~~~~~~~~~~~
    + CategoryInfo          : NotSpecified: (2026/09/22 18:0....env from: .env:String) [], RemoteException
    + FullyQualifiedErrorId : NativeCommandError
 

2026/09/22 18:08:52 [32mD:/Pekerjaan BPS1200/Tim Inovasi/Website/prangibar-go/cmd/showfk/main.go:16
[0m[33m[3.216ms] [34;1m[rows:7][0m SELECT TABLE_NAME FROM information_schema.TABLES WHERE TABLE_SCHEMA = DATABASE() AND (TABLE_NAME LIKE '%pendataan%' OR TABLE_NAME LIKE '%blok%' OR TABLE_NAME LIKE '%mahasiswa%')
tables: [blok_iii_anggota_keluargas mahasiswas pendataan pendataan_mahasiswas pendataan_umkms pendataans pendataanumkm]

2026/09/22 18:08:52 [32mD:/Pekerjaan BPS1200/Tim Inovasi/Website/prangibar-go/cmd/showfk/main.go:23
[0m[33m[8.892ms] [34;1m[rows:-][0m SHOW CREATE TABLE `blok_iii_anggota_keluargas`
===== blok_iii_anggota_keluargas =====
[67 82 69 65 84 69 32 84 65 66 76 69 32 96 98 108 111 107 95 105 105 105 95 97 110 103 103 111 116 97 95 107 101 108 117 97 114 103 97 115 96 32 40 10 32 32 96 105 100 96 32 98 105 103 105 110 116 32 117 110 115 105 103 110 101 100 32 78 79 84 32 78 85 76 76 32 65 85 84 79 95 73 78 67 82 69 77 69 78 84 44 10 32 32 96 112 101 110 100 97 116 97 97 110 95 109 97 104 97 115 105 115 119 97 95 105 100 96 32 105 110 116 32 68 69 70 65 85 76 84 32 78 85 76 76 44 10 32 32 96 110 111 109 111 114 95 117 114 117 116 96 32 108 111 110 103 116 101 120 116 44 10 32 32 96 110 97 109 97 95 97 110 103 103 111 116 97 96 32 108 111 110 103 116 101 120 116 44 10 32 32 96 110 105 107 95 97 110 103 103 111 116 97 96 32 108 111 110 103 116 101 120 116 44 10 32 32 96 104 117 98 117 110 103 97 110 95 107 101 108 117 97 114 103 97 96 32 98 105 103 105 110 116 32 68 69 70 65 85 76 84 32 78 85 76 76 44 10 32 32 96 107 101 98 101 114 97 100 97 97 110 95 97 110 103 103 111 116 97 96 32 98 105 103 105 110 116 32 68 69 70 65 85 76 84 32 78 85 76 76 44 10 32 32 96 97 108 97 109 97 116 95 100 111 109 105 115 105 108 105 96 32 98 105 103 105 110 116 32 68 69 70 65 85 76 84 32 78 85 76 76 44 10 32 32 96 112 114 111 118 105 110 115 105 95 100 111 109 105 115 105 108 105 96 32 108 111 110 103 116 101 120 116 44 10 32 32 96 107 97 98 117 112 97 116 101 110 95 107 111 116 97 95 100 111 109 105 115 105 108 105 96 32 108 111 110 103 116 101 120 116 44 10 32 32 96 110 101 103 97 114 97 95 100 111 109 105 115 105 108 105 96 32 108 111 110 103 116 101 120 116 44 10 32 32 96 115 116 97 116 117 115 95 112 101 114 107 97 119 105 110 97 110 96 32 98 105 103 105 110 116 32 68 69 70 65 85 76 84 32 78 85 76 76 44 10 32 32 96 106 101 110 105 115 95 107 101 108 97 109 105 110 95 97 110 103 103 111 116 97 96 32 98 105 103 105 110 116 32 68 69 70 65 85 76 84 32 78 85 76 76 44 10 32 32 96 116 97 110 103 103 97 108 95 108 97 104 105 114 96 32 108 111 110 103 116 101 120 116 44 10 32 32 96 117 109 117 114 95 97 110 103 103 111 116 97 96 32 98 105 103 105 110 116 32 68 69 70 65 85 76 84 32 78 85 76 76 44 10 32 32 96 112 97 114 116 105 115 105 112 97 115 105 95 115 101 107 111 108 97 104 96 32 98 105 103 105 110 116 32 68 69 70 65 85 76 84 32 78 85 76 76 44 10 32 32 96 105 106 97 122 97 104 95 116 101 114 116 105 110 103 103 105 96 32 98 105 103 105 110 116 32 68 69 70 65 85 76 84 32 78 85 76 76 44 10 32 32 96 112 114 111 102 101 115 105 95 112 101 107 101 114 106 97 97 110 96 32 108 111 110 103 116 101 120 116 44 10 32 32 96 115 116 97 116 117 115 95 112 101 107 101 114 106 97 97 110 96 32 98 105 103 105 110 116 32 68 69 70 65 85 76 84 32 78 85 76 76 44 10 32 32 96 112 101 110 100 97 112 97 116 97 110 95 112 101 107 101 114 106 97 97 110 96 32 98 105 103 105 110 116 32 68 69 70 65 85 76 84 32 78 85 76 76 44 10 32 32 96 117 112 97 104 95 103 97 106 105 96 32 100 101 99 105 109 97 108 40 49 53 44 50 41 32 68 69 70 65 85 76 84 32 78 85 76 76 44 10 32 32 96 116 117 110 106 97 110 103 97 110 96 32 100 101 99 105 109 97 108 40 49 53 44 50 41 32 68 69 70 65 85 76 84 32 78 85 76 76 44 10 32 32 96 117 97 110 103 95 109 97 107 97 110 96 32 100 101 99 105 109 97 108 40 49 53 44 50 41 32 68 69 70 65 85 76 84 32 78 85 76 76 44 10 32 32 96 104 111 110 111 114 96 32 100 101 99 105 109 97 108 40 49 53 44 50 41 32 68 69 70 65 85 76 84 32 78 85 76 76 44 10 32 32 96 108 101 109 98 117 114 96 32 100 101 99 105 109 97 108 40 49 53 44 50 41 32 68 69 70 65 85 76 84 32 78 85 76 76 44 10 32 32 96 108 97 105 110 110 121 97 96 32 100 101 99 105 109 97 108 40 49 53 44 50 41 32 68 69 70 65 85 76 84 32 78 85 76 76 44 10 32 32 96 116 111 116 97 108 95 112 101 110 100 97 112 97 116 97 110 95 112 101 107 101 114 106 97 97 110 96 32 100 101 99 105 109 97 108 40 49 53 44 50 41 32 68 69 70 65 85 76 84 32 78 85 76 76 44 10 32 32 96 112 101 110 100 97 112 97 116 97 110 95 117 115 97 104 97 96 32 98 105 103 105 110 116 32 68 69 70 65 85 76 84 32 78 85 76 76 44 10 32 32 96 116 111 116 97 108 95 112 101 110 100 97 112 97 116 97 110 95 117 115 97 104 97 96 32 100 101 99 105 109 97 108 40 49 53 44 50 41 32 68 69 70 65 85 76 84 32 78 85 76 76 44 10 32 32 96 112 101 110 100 97 112 97 116 97 110 95 108 97 105 110 96 32 98 105 103 105 110 116 32 68 69 70 65 85 76 84 32 78 85 76 76 44 10 32 32 96 116 111 116 97 108 95 112 101 110 100 97 112 97 116 97 110 95 108 97 105 110 96 32 100 101 99 105 109 97 108 40 49 53 44 50 41 32 68 69 70 65 85 76 84 32 78 85 76 76 44 10 32 32 96 112 117 110 121 97 95 114 101 107 101 110 105 110 103 96 32 98 105 103 105 110 116 32 68 69 70 65 85 76 84 32 78 85 76 76 44 10 32 32 96 100 105 115 97 98 105 108 105 116 97 115 95 102 105 115 105 107 96 32 98 105 103 105 110 116 32 68 69 70 65 85 76 84 32 78 85 76 76 44 10 32 32 96 100 105 115 97 98 105 108 105 116 97 115 95 109 101 110 116 97 108 96 32 98 105 103 105 110 116 32 68 69 70 65 85 76 84 32 78 85 76 76 44 10 32 32 96 100 105 115 97 98 105 108 105 116 97 115 95 105 110 116 101 108 101 107 116 117 97 108 96 32 98 105 103 105 110 116 32 68 69 70 65 85 76 84 32 78 85 76 76 44 10 32 32 96 100 105 115 97 98 105 108 105 116 97 115 95 110 101 116 114 97 96 32 98 105 103 105 110 116 32 68 69 70 65 85 76 84 32 78 85 76 76 44 10 32 32 96 100 105 115 97 98 105 108 105 116 97 115 95 114 117 110 103 117 96 32 98 105 103 105 110 116 32 68 69 70 65 85 76 84 32 78 85 76 76 44 10 32 32 96 100 105 115 97 98 105 108 105 116 97 115 95 119 105 99 97 114 97 96 32 98 105 103 105 110 116 32 68 69 70 65 85 76 84 32 78 85 76 76 44 10 32 32 96 104 105 112 101 114 116 101 110 115 105 96 32 98 105 103 105 110 116 32 68 69 70 65 85 76 84 32 78 85 76 76 44 10 32 32 96 114 101 109 97 116 105 107 96 32 98 105 103 105 110 116 32 68 69 70 65 85 76 84 32 78 85 76 76 44 10 32 32 96 97 115 109 97 96 32 98 105 103 105 110 116 32 68 69 70 65 85 76 84 32 78 85 76 76 44 10 32 32 96 109 97 115 97 108 97 104 95 106 97 110 116 117 110 103 96 32 98 105 103 105 110 116 32 68 69 70 65 85 76 84 32 78 85 76 76 44 10 32 32 96 100 105 97 98 101 116 101 115 96 32 98 105 103 105 110 116 32 68 69 70 65 85 76 84 32 78 85 76 76 44 10 32 32 96 116 98 99 96 32 98 105 103 105 110 116 32 68 69 70 65 85 76 84 32 78 85 76 76 44 10 32 32 96 115 116 114 111 107 101 96 32 98 105 103 105 110 116 32 68 69 70 65 85 76 84 32 78 85 76 76 44 10 32 32 96 107 97 110 107 101 114 96 32 98 105 103 105 110 116 32 68 69 70 65 85 76 84 32 78 85 76 76 44 10 32 32 96 103 97 103 97 108 95 103 105 110 106 97 108 96 32 98 105 103 105 110 116 32 68 69 70 65 85 76 84 32 78 85 76 76 44 10 32 32 96 104 101 109 111 102 105 108 105 97 96 32 98 105 103 105 110 116 32 68 69 70 65 85 76 84 32 78 85 76 76 44 10 32 32 96 104 105 118 97 95 105 100 95 115 96 32 98 105 103 105 110 116 32 68 69 70 65 85 76 84 32 78 85 76 76 44 10 32 32 96 107 111 108 101 115 116 114 111 108 96 32 98 105 103 105 110 116 32 68 69 70 65 85 76 84 32 78 85 76 76 44 10 32 32 96 115 105 114 111 115 105 115 95 104 97 116 105 96 32 98 105 103 105 110 116 32 68 69 70 65 85 76 84 32 78 85 76 76 44 10 32 32 96 116 97 108 97 115 101 109 105 97 96 32 98 105 103 105 110 116 32 68 69 70 65 85 76 84 32 78 85 76 76 44 10 32 32 96 108 101 117 107 101 109 105 97 96 32 98 105 103 105 110 116 32 68 69 70 65 85 76 84 32 78 85 76 76 44 10 32 32 96 97 108 122 104 101 105 109 101 114 96 32 98 105 103 105 110 116 32 68 69 70 65 85 76 84 32 78 85 76 76 44 10 32 32 96 112 101 110 121 97 107 105 116 95 108 97 105 110 110 121 97 96 32 108 111 110 103 116 101 120 116 44 10 32 32 80 82 73 77 65 82 89 32 75 69 89 32 40 96 105 100 96 41 44 10 32 32 75 69 89 32 96 105 100 120 95 98 108 111 107 95 105 105 105 95 97 110 103 103 111 116 97 95 107 101 108 117 97 114 103 97 115 95 112 101 110 100 97 116 97 97 110 95 109 97 104 97 115 105 115 119 97 95 105 100 96 32 40 96 112 101 110 100 97 116 97 97 110 95 109 97 104 97 115 105 115 119 97 95 105 100 96 41 10 41 32 69 78 71 73 78 69 61 73 110 110 111 68 66 32 65 85 84 79 95 73 78 67 82 69 77 69 78 84 61 53 49 54 50 32 68 69 70 65 85 76 84 32 67 72 65 82 83 69 84 61 117 116 102 56 109 98 51]


2026/09/22 18:08:52 [32mD:/Pekerjaan BPS1200/Tim Inovasi/Website/prangibar-go/cmd/showfk/main.go:23
[0m[33m[9.686ms] [34;1m[rows:-][0m SHOW CREATE TABLE `mahasiswas`
===== mahasiswas =====
[67 82 69 65 84 69 32 84 65 66 76 69 32 96 109 97 104 97 115 105 115 119 97 115 96 32 40 10 32 32 96 105 100 96 32 98 105 103 105 110 116 32 117 110 115 105 103 110 101 100 32 78 79 84 32 78 85 76 76 32 65 85 84 79 95 73 78 67 82 69 77 69 78 84 44 10 32 32 96 101 109 97 105 108 96 32 118 97 114 99 104 97 114 40 49 57 49 41 32 78 79 84 32 78 85 76 76 44 10 32 32 96 110 105 107 96 32 118 97 114 99 104 97 114 40 49 57 49 41 32 78 79 84 32 78 85 76 76 44 10 32 32 96 112 105 110 96 32 108 111 110 103 116 101 120 116 32 78 79 84 32 78 85 76 76 44 10 32 32 96 99 114 101 97 116 101 100 95 97 116 96 32 100 97 116 101 116 105 109 101 40 51 41 32 68 69 70 65 85 76 84 32 78 85 76 76 44 10 32 32 96 117 112 100 97 116 101 100 95 97 116 96 32 100 97 116 101 116 105 109 101 40 51 41 32 68 69 70 65 85 76 84 32 78 85 76 76 44 10 32 32 96 100 101 108 101 116 101 100 95 97 116 96 32 100 97 116 101 116 105 109 101 40 51 41 32 68 69 70 65 85 76 84 32 78 85 76 76 44 10 32 32 80 82 73 77 65 82 89 32 75 69 89 32 40 96 105 100 96 41 44 10 32 32 85 78 73 81 85 69 32 75 69 89 32 96 117 110 105 95 109 97 104 97 115 105 115 119 97 115 95 101 109 97 105 108 96 32 40 96 101 109 97 105 108 96 41 44 10 32 32 85 78 73 81 85 69 32 75 69 89 32 96 117 110 105 95 109 97 104 97 115 105 115 119 97 115 95 110 105 107 96 32 40 96 110 105 107 96 41 44 10 32 32 75 69 89 32 96 105 100 120 95 109 97 104 97 115 105 115 119 97 115 95 101 109 97 105 108 96 32 40 96 101 109 97 105 108 96 41 44 10 32 32 75 69 89 32 96 105 100 120 95 109 97 104 97 115 105 115 119 97 115 95 110 105 107 96 32 40 96 110 105 107 96 41 44 10 32 32 75 69 89 32 96 105 100 120 95 109 97 104 97 115 105 115 119 97 115 95 100 101 108 101 116 101 100 95 97 116 96 32 40 96 100 101 108 101 116 101 100 95 97 116 96 41 10 41 32 69 78 71 73 78 69 61 73 110 110 111 68 66 32 65 85 84 79 95 73 78 67 82 69 77 69 78 84 61 55 32 68 69 70 65 85 76 84 32 67 72 65 82 83 69 84 61 117 116 102 56 109 98 51]


2026/09/22 18:08:52 [32mD:/Pekerjaan BPS1200/Tim Inovasi/Website/prangibar-go/cmd/showfk/main.go:23
[0m[33m[2.634ms] [34;1m[rows:-][0m SHOW CREATE TABLE `pendataan`
===== pendataan =====
[67 82 69 65 84 69 32 84 65 66 76 69 32 96 112 101 110 100 97 116 97 97 110 96 32 40 10 32 32 96 105 100 96 32 105 110 116 32 78 79 84 32 78 85 76 76 32 65 85 84 79 95 73 78 67 82 69 77 69 78 84 44 10 32 32 96 112 101 114 117 115 97 104 97 97 110 73 100 96 32 105 110 116 32 78 79 84 32 78 85 76 76 44 10 32 32 96 98 49 114 49 96 32 118 97 114 99 104 97 114 40 50 41 32 67 79 76 76 65 84 69 32 117 116 102 56 109 98 52 95 117 110 105 99 111 100 101 95 99 105 32 68 69 70 65 85 76 84 32 78 85 76 76 44 10 32 32 96 98 49 114 50 96 32 118 97 114 99 104 97 114 40 52 41 32 67 79 76 76 65 84 69 32 117 116 102 56 109 98 52 95 117 110 105 99 111 100 101 95 99 105 32 68 69 70 65 85 76 84 32 78 85 76 76 44 10 32 32 96 98 49 114 51 96 32 118 97 114 99 104 97 114 40 55 41 32 67 79 76 76 65 84 69 32 117 116 102 56 109 98 52 95 117 110 105 99 111 100 101 95 99 105 32 68 69 70 65 85 76 84 32 78 85 76 76 44 10 32 32 96 98 49 114 52 96 32 118 97 114 99 104 97 114 40 49 48 41 32 67 79 76 76 65 84 69 32 117 116 102 56 109 98 52 95 117 110 105 99 111 100 101 95 99 105 32 68 69 70 65 85 76 84 32 78 85 76 76 44 10 32 32 96 98 49 114 53 97 96 32 118 97 114 99 104 97 114 40 49 57 49 41 32 67 79 76 76 65 84 69 32 117 116 102 56 109 98 52 95 117 110 105 99 111 100 101 95 99 105 32 68 69 70 65 85 76 84 32 78 85 76 76 44 10 32 32 96 98 49 114 53 98 96 32 118 97 114 99 104 97 114 40 49 57 49 41 32 67 79 76 76 65 84 69 32 117 116 102 56 109 98 52 95 117 110 105 99 111 100 101 95 99 105 32 68 69 70 65 85 76 84 32 78 85 76 76 44 10 32 32 96 98 49 114 53 99 65 108 97 109 97 116 96 32 118 97 114 99 104 97 114 40 49 57 49 41 32 67 79 76 76 65 84 69 32 117 116 102 56 109 98 52 95 117 110 105 99 111 100 101 95 99 105 32 68 69 70 65 85 76 84 32 78 85 76 76 44 10 32 32 96 98 49 114 53 99 82 116 96 32 118 97 114 99 104 97 114 40 49 57 49 41 32 67 79 76 76 65 84 69 32 117 116 102 56 109 98 52 95 117 110 105 99 111 100 101 95 99 105 32 68 69 70 65 85 76 84 32 78 85 76 76 44 10 32 32 96 98 49 114 53 99 82 119 96 32 118 97 114 99 104 97 114 40 49 57 49 41 32 67 79 76 76 65 84 69 32 117 116 102 56 109 98 52 95 117 110 105 99 111 100 101 95 99 105 32 68 69 70 65 85 76 84 32 78 85 76 76 44 10 32 32 96 98 49 114 53 99 75 111 100 101 80 111 115 96 32 118 97 114 99 104 97 114 40 49 57 49 41 32 67 79 76 76 65 84 69 32 117 116 102 56 109 98 52 95 117 110 105 99 111 100 101 95 99 105 32 68 69 70 65 85 76 84 32 78 85 76 76 44 10 32 32 96 98 49 114 53 99 84 101 108 75 111 100 101 65 114 101 97 96 32 118 97 114 99 104 97 114 40 49 57 49 41 32 67 79 76 76 65 84 69 32 117 116 102 56 109 98 52 95 117 110 105 99 111 100 101 95 99 105 32 68 69 70 65 85 76 84 32 78 85 76 76 44 10 32 32 96 98 49 114 53 99 84 101 108 78 111 109 111 114 96 32 118 97 114 99 104 97 114 40 49 57 49 41 32 67 79 76 76 65 84 69 32 117 116 102 56 109 98 52 95 117 110 105 99 111 100 101 95 99 105 32 68 69 70 65 85 76 84 32 78 85 76 76 44 10 32 32 96 98 49 114 53 99 84 101 108 69 107 115 116 101 110 115 105 96 32 118 97 114 99 104 97 114 40 49 57 49 41 32 67 79 76 76 65 84 69 32 117 116 102 56 109 98 52 95 117 110 105 99 111 100 101 95 99 105 32 68 69 70 65 85 76 84 32 78 85 76 76 44 10 32 32 96 98 49 114 53 99 69 109 97 105 108 96 32 118 97 114 99 104 97 114 40 49 57 49 41 32 67 79 76 76 65 84 69 32 117 116 102 56 109 98 52 95 117 110 105 99 111 100 101 95 99 105 32 68 69 70 65 85 76 84 32 78 85 76 76 44 10 32 32 96 98 49 114 53 99 72 111 109 101 112 97 103 101 96 32 118 97 114 99 104 97 114 40 49 57 49 41 32 67 79 76 76 65 84 69 32 117 116 102 56 109 98 52 95 117 110 105 99 111 100 101 95 99 105 32 68 69 70 65 85 76 84 32 78 85 76 76 44 10 32 32 96 98 49 114 53 99 72 112 96 32 118 97 114 99 104 97 114 40 49 57 49 41 32 67 79 76 76 65 84 69 32 117 116 102 56 109 98 52 95 117 110 105 99 111 100 101 95 99 105 32 68 69 70 65 85 76 84 32 78 85 76 76 44 10 32 32 96 98 49 114 53 100 96 32 105 110 116 32 68 69 70 65 85 76 84 32 78 85 76 76 44 10 32 32 96 98 49 114 53 101 96 32 118 97 114 99 104 97 114 40 49 57 49 41 32 67 79 76 76 65 84 69 32 117 116 102 56 109 98 52 95 117 110 105 99 111 100 101 95 99 105 32 68 69 70 65 85 76 84 32 78 85 76 76 44 10 32 32 96 98 49 114 54 97 96 32 105 110 116 32 68 69 70 65 85 76 84 32 78 85 76 76 44 10 32 32 96 98 49 114 54 98 96 32 118 97 114 99 104 97 114 40 49 57 49 41 32 67 79 76 76 65 84 69 32 117 116 102 56 109 98 52 95 117 110 105 99 111 100 101 95 99 105 32 68 69 70 65 85 76 84 32 78 85 76 76 44 10 32 32 96 98 49 114 54 99 96 32 105 110 116 32 68 69 70 65 85 76 84 32 78 85 76 76 44 10 32 32 96 98 49 114 54 99 76 97 105 110 110 121 97 96 32 118 97 114 99 104 97 114 40 49 57 49 41 32 67 79 76 76 65 84 69 32 117 116 102 56 109 98 52 95 117 110 105 99 111 100 101 95 99 105 32 68 69 70 65 85 76 84 32 78 85 76 76 44 10 32 32 96 98 49 114 55 97 96 32 105 110 116 32 68 69 70 65 85 76 84 32 78 85 76 76 44 10 32 32 96 98 49 114 55 98 96 32 105 110 116 32 68 69 70 65 85 76 84 32 78 85 76 76 44 10 32 32 96 98 49 114 55 99 96 32 105 110 116 32 68 69 70 65 85 76 84 32 78 85 76 76 44 10 32 32 96 98 49 114 55 100 96 32 105 110 116 32 68 69 70 65 85 76 84 32 78 85 76 76 44 10 32 32 96 98 49 114 56 97 96 32 118 97 114 99 104 97 114 40 49 57 49 41 32 67 79 76 76 65 84 69 32 117 116 102 56 109 98 52 95 117 110 105 99 111 100 101 95 99 105 32 68 69 70 65 85 76 84 32 78 85 76 76 44 10 32 32 96 98 49 114 56 98 96 32 105 110 116 32 68 69 70 65 85 76 84 32 78 85 76 76 44 10 32 32 96 98 49 114 56 99 96 32 105 110 116 32 68 69 70 65 85 76 84 32 78 85 76 76 44 10 32 32 96 98 49 114 56 100 96 32 118 97 114 99 104 97 114 40 49 57 49 41 32 67 79 76 76 65 84 69 32 117 116 102 56 109 98 52 95 117 110 105 99 111 100 101 95 99 105 32 68 69 70 65 85 76 84 32 78 85 76 76 44 10 32 32 96 98 49 114 57 97 96 32 118 97 114 99 104 97 114 40 49 57 49 41 32 67 79 76 76 65 84 69 32 117 116 102 56 109 98 52 95 117 110 105 99 111 100 101 95 99 105 32 68 69 70 65 85 76 84 32 78 85 76 76 44 10 32 32 96 98 49 114 57 98 49 96 32 105 110 116 32 68 69 70 65 85 76 84 32 78 85 76 76 44 10 32 32 96 98 49 114 57 98 50 96 32 105 110 116 32 68 69 70 65 85 76 84 32 78 85 76 76 44 10 32 32 96 98 49 114 57 98 51 96 32 105 110 116 32 68 69 70 65 85 76 84 32 78 85 76 76 44 10 32 32 96 98 49 114 57 98 52 96 32 105 110 116 32 68 69 70 65 85 76 84 32 78 85 76 76 44 10 32 32 96 98 49 114 57 99 96 32 105 110 116 32 68 69 70 65 85 76 84 32 78 85 76 76 44 10 32 32 96 98 49 114 57 100 96 32 118 97 114 99 104 97 114 40 49 57 49 41 32 67 79 76 76 65 84 69 32 117 116 102 56 109 98 52 95 117 110 105 99 111 100 101 95 99 105 32 68 69 70 65 85 76 84 32 78 85 76 76 44 10 32 32 96 98 49 114 57 101 96 32 118 97 114 99 104 97 114 40 49 57 49 41 32 67 79 76 76 65 84 69 32 117 116 102 56 109 98 52 95 117 110 105 99 111 100 101 95 99 105 32 68 69 70 65 85 76 84 32 78 85 76 76 44 10 32 32 96 98 49 114 57 102 96 32 118 97 114 99 104 97 114 40 49 57 49 41 32 67 79 76 76 65 84 69 32 117 116 102 56 109 98 52 95 117 110 105 99 111 100 101 95 99 105 32 68 69 70 65 85 76 84 32 78 85 76 76 44 10 32 32 96 98 49 114 57 103 96 32 118 97 114 99 104 97 114 40 49 57 49 41 32 67 79 76 76 65 84 69 32 117 116 102 56 109 98 52 95 117 110 105 99 111 100 101 95 99 105 32 68 69 70 65 85 76 84 32 78 85 76 76 44 10 32 32 96 98 49 114 57 104 96 32 118 97 114 99 104 97 114 40 49 57 49 41 32 67 79 76 76 65 84 69 32 117 116 102 56 109 98 52 95 117 110 105 99 111 100 101 95 99 105 32 68 69 70 65 85 76 84 32 78 85 76 76 44 10 32 32 96 98 49 114 57 105 96 32 105 110 116 32 68 69 70 65 85 76 84 32 78 85 76 76 44 10 32 32 96 98 49 114 49 48 97 96 32 105 110 116 32 68 69 70 65 85 76 84 32 78 85 76 76 44 10 32 32 96 98 49 114 49 48 98 96 32 105 110 116 32 68 69 70 65 85 76 84 32 78 85 76 76 44 10 32 32 96 98 49 114 49 49 97 96 32 118 97 114 99 104 97 114 40 49 57 49 41 32 67 79 76 76 65 84 69 32 117 116 102 56 109 98 52 95 117 110 105 99 111 100 101 95 99 105 32 68 69 70 65 85 76 84 32 78 85 76 76 44 10 32 32 96 98 49 114 49 49 98 96 32 118 97 114 99 104 97 114 40 49 57 49 41 32 67 79 76 76 65 84 69 32 117 116 102 56 109 98 52 95 117 110 105 99 111 100 101 95 99 105 32 68 69 70 65 85 76 84 32 78 85 76 76 44 10 32 32 96 98 49 114 49 49 99 96 32 118 97 114 99 104 97 114 40 49 57 49 41 32 67 79 76 76 65 84 69 32 117 116 102 56 109 98 52 95 117 110 105 99 111 100 101 95 99 105 32 68 69 70 65 85 76 84 32 78 85 76 76 44 10 32 32 96 98 49 114 49 49 100 96 32 118 97 114 99 104 97 114 40 49 57 49 41 32 67 79 76 76 65 84 69 32 117 116 102 56 109 98 52 95 117 110 105 99 111 100 101 95 99 105 32 68 69 70 65 85 76 84 32 78 85 76 76 44 10 32 32 96 98 49 114 49 49 101 96 32 118 97 114 99 104 97 114 40 49 57 49 41 32 67 79 76 76 65 84 69 32 117 116 102 56 109 98 52 95 117 110 105 99 111 100 101 95 99 105 32 68 69 70 65 85 76 84 32 78 85 76 76 44 10 32 32 96 98 49 114 49 49 102 96 32 118 97 114 99 104 97 114 40 49 57 49 41 32 67 79 76 76 65 84 69 32 117 116 102 56 109 98 52 95 117 110 105 99 111 100 101 95 99 105 32 68 69 70 65 85 76 84 32 78 85 76 76 44 10 32 32 96 98 49 114 49 50 97 96 32 105 110 116 32 68 69 70 65 85 76 84 32 78 85 76 76 44 10 32 32 96 98 49 114 49 50 98 49 96 32 105 110 116 32 68 69 70 65 85 76 84 32 78 85 76 76 44 10 32 32 96 98 49 114 49 50 98 50 96 32 105 110 116 32 68 69 70 65 85 76 84 32 78 85 76 76 44 10 32 32 96 98 49 114 49 50 98 51 96 32 105 110 116 32 68 69 70 65 85 76 84 32 78 85 76 76 44 10 32 32 96 98 49 114 49 50 98 52 96 32 105 110 116 32 68 69 70 65 85 76 84 32 78 85 76 76 44 10 32 32 96 98 49 114 49 50 98 53 96 32 105 110 116 32 68 69 70 65 85 76 84 32 78 85 76 76 44 10 32 32 96 98 49 114 49 50 98 54 96 32 105 110 116 32 68 69 70 65 85 76 84 32 78 85 76 76 44 10 32 32 96 98 49 114 49 50 99 96 32 105 110 116 32 68 69 70 65 85 76 84 32 78 85 76 76 44 10 32 32 96 98 49 114 49 51 97 96 32 105 110 116 32 68 69 70 65 85 76 84 32 78 85 76 76 44 10 32 32 96 98 49 114 49 51 98 96 32 105 110 116 32 68 69 70 65 85 76 84 32 78 85 76 76 44 10 32 32 96 98 49 114 49 52 96 32 105 110 116 32 68 69 70 65 85 76 84 32 78 85 76 76 44 10 32 32 96 98 49 114 49 53 97 96 32 105 110 116 32 68 69 70 65 85 76 84 32 78 85 76 76 44 10 32 32 96 98 49 114 49 53 98 96 32 105 110 116 32 68 69 70 65 85 76 84 32 78 85 76 76 44 10 32 32 96 98 49 114 49 53 99 96 32 105 110 116 32 68 69 70 65 85 76 84 32 78 85 76 76 44 10 32 32 96 98 49 114 49 54 97 96 32 105 110 116 32 68 69 70 65 85 76 84 32 78 85 76 76 44 10 32 32 96 98 49 114 49 54 98 96 32 105 110 116 32 68 69 70 65 85 76 84 32 78 85 76 76 44 10 32 32 96 98 49 114 49 54 99 96 32 105 110 116 32 68 69 70 65 85 76 84 32 78 85 76 76 44 10 32 32 96 98 49 114 49 55 96 32 105 110 116 32 68 69 70 65 85 76 84 32 78 85 76 76 44 10 32 32 96 98 49 114 49 56 96 32 105 110 116 32 68 69 70 65 85 76 84 32 78 85 76 76 44 10 32 32 96 98 49 114 49 57 97 96 32 105 110 116 32 68 69 70 65 85 76 84 32 78 85 76 76 44 10 32 32 96 98 49 114 49 57 98 96 32 105 110 116 32 68 69 70 65 85 76 84 32 78 85 76 76 44 10 32 32 96 98 49 114 50 48 97 96 32 105 110 116 32 68 69 70 65 85 76 84 32 78 85 76 76 44 10 32 32 96 98 49 114 50 48 98 96 32 105 110 116 32 68 69 70 65 85 76 84 32 78 85 76 76 44 10 32 32 96 98 49 114 50 48 99 96 32 105 110 116 32 68 69 70 65 85 76 84 32 78 85 76 76 44 10 32 32 96 98 49 114 50 49 96 32 105 110 116 32 68 69 70 65 85 76 84 32 78 85 76 76 44 10 32 32 96 98 49 114 50 50 97 96 32 100 101 99 105 109 97 108 40 50 48 44 48 41 32 68 69 70 65 85 76 84 32 78 85 76 76 44 10 32 32 96 98 49 114 50 50 98 96 32 100 101 99 105 109 97 108 40 50 48 44 48 41 32 68 69 70 65 85 76 84 32 78 85 76 76 44 10 32 32 96 98 49 114 50 50 99 96 32 100 101 99 105 109 97 108 40 50 48 44 48 41 32 68 69 70 65 85 76 84 32 78 85 76 76 44 10 32 32 96 98 49 114 50 50 100 96 32 100 101 99 105 109 97 108 40 50 48 44 48 41 32 68 69 70 65 85 76 84 32 78 85 76 76 44 10 32 32 96 98 49 114 50 50 101 96 32 100 101 99 105 109 97 108 40 50 48 44 48 41 32 68 69 70 65 85 76 84 32 78 85 76 76 44 10 32 32 96 98 49 114 50 50 102 96 32 100 101 99 105 109 97 108 40 50 48 44 48 41 32 68 69 70 65 85 76 84 32 78 85 76 76 44 10 32 32 96 98 49 114 50 51 97 96 32 100 101 99 105 109 97 108 40 50 48 44 48 41 32 68 69 70 65 85 76 84 32 78 85 76 76 44 10 32 32 96 98 49 114 50 51 98 96 32 100 101 99 105 109 97 108 40 50 48 44 48 41 32 68 69 70 65 85 76 84 32 78 85 76 76 44 10 32 32 96 98 49 114 50 51 99 96 32 100 101 99 105 109 97 108 40 50 48 44 48 41 32 68 69 70 65 85 76 84 32 78 85 76 76 44 10 32 32 96 98 49 114 50 51 100 96 32 100 101 99 105 109 97 108 40 53 44 50 41 32 68 69 70 65 85 76 84 32 78 85 76 76 44 10 32 32 96 98 49 114 50 52 97 96 32 100 101 99 105 109 97 108 40 50 48 44 48 41 32 68 69 70 65 85 76 84 32 78 85 76 76 44 10 32 32 96 98 49 114 50 52 98 96 32 100 101 99 105 109 97 108 40 50 48 44 48 41 32 68 69 70 65 85 76 84 32 78 85 76 76 44 10 32 32 96 98 49 114 50 52 99 96 32 100 101 99 105 109 97 108 40 50 48 44 48 41 32 68 69 70 65 85 76 84 32 78 85 76 76 44 10 32 32 96 98 49 114 50 52 99 49 96 32 105 110 116 32 68 69 70 65 85 76 84 32 78 85 76 76 44 10 32 32 96 98 49 114 50 52 100 96 32 100 101 99 105 109 97 108 40 49 53 44 50 41 32 68 69 70 65 85 76 84 32 78 85 76 76 44 10 32 32 96 98 49 114 50 53 97 96 32 100 101 99 105 109 97 108 40 53 44 50 41 32 68 69 70 65 85 76 84 32 78 85 76 76 44 10 32 32 96 98 49 114 50 53 98 96 32 100 101 99 105 109 97 108 40 53 44 50 41 32 68 69 70 65 85 76 84 32 78 85 76 76 44 10 32 32 96 98 49 114 50 53 99 96 32 100 101 99 105 109 97 108 40 53 44 50 41 32 68 69 70 65 85 76 84 32 78 85 76 76 44 10 32 32 96 98 49 114 50 53 100 96 32 100 101 99 105 109 97 108 40 53 44 50 41 32 68 69 70 65 85 76 84 32 78 85 76 76 44 10 32 32 96 98 49 114 50 53 101 96 32 100 101 99 105 109 97 108 40 53 44 50 41 32 68 69 70 65 85 76 84 32 78 85 76 76 44 10 32 32 96 98 49 114 50 53 102 96 32 100 101 99 105 109 97 108 40 53 44 50 41 32 68 69 70 65 85 76 84 32 78 85 76 76 44 10 32 32 96 98 49 114 50 53 103 96 32 100 101 99 105 109 97 108 40 53 44 50 41 32 68 69 70 65 85 76 84 32 78 85 76 76 44 10 32 32 96 98 50 99 97 116 97 116 97 110 96 32 116 101 120 116 32 67 79 76 76 65 84 69 32 117 116 102 56 109 98 52 95 117 110 105 99 111 100 101 95 99 105 44 10 32 32 96 115 117 98 109 105 116 116 101 100 65 116 96 32 100 97 116 101 116 105 109 101 40 51 41 32 78 79 84 32 78 85 76 76 32 68 69 70 65 85 76 84 32 67 85 82 82 69 78 84 95 84 73 77 69 83 84 65 77 80 40 51 41 44 10 32 32 96 117 112 100 97 116 101 100 65 116 96 32 100 97 116 101 116 105 109 101 40 51 41 32 78 79 84 32 78 85 76 76 44 10 32 32 96 98 51 114 49 96 32 118 97 114 99 104 97 114 40 49 48 48 41 32 67 79 76 76 65 84 69 32 117 116 102 56 109 98 52 95 117 110 105 99 111 100 101 95 99 105 32 68 69 70 65 85 76 84 32 78 85 76 76 44 10 32 32 96 98 51 114 51 96 32 118 97 114 99 104 97 114 40 50 48 41 32 67 79 76 76 65 84 69 32 117 116 102 56 109 98 52 95 117 110 105 99 111 100 101 95 99 105 32 68 69 70 65 85 76 84 32 78 85 76 76 44 10 32 32 96 98 51 114 52 96 32 118 97 114 99 104 97 114 40 49 48 48 41 32 67 79 76 76 65 84 69 32 117 116 102 56 109 98 52 95 117 110 105 99 111 100 101 95 99 105 32 68 69 70 65 85 76 84 32 78 85 76 76 44 10 32 32 96 116 97 110 103 103 97 108 80 101 108 97 107 115 97 110 97 97 110 96 32 100 97 116 101 116 105 109 101 40 51 41 32 68 69 70 65 85 76 84 32 78 85 76 76 44 10 32 32 96 116 116 100 96 32 116 105 110 121 105 110 116 40 49 41 32 68 69 70 65 85 76 84 32 78 85 76 76 44 10 32 32 96 99 97 116 97 116 97 110 78 103 105 98 97 114 96 32 116 101 120 116 32 67 79 76 76 65 84 69 32 117 116 102 56 109 98 52 95 117 110 105 99 111 100 101 95 99 105 44 10 32 32 96 98 49 95 114 49 96 32 118 97 114 99 104 97 114 40 50 41 32 67 79 76 76 65 84 69 32 117 116 102 56 109 98 52 95 117 110 105 99 111 100 101 95 99 105 32 68 69 70 65 85 76 84 32 78 85 76 76 44 10 32 32 96 98 49 95 114 50 96 32 118 97 114 99 104 97 114 40 52 41 32 67 79 76 76 65 84 69 32 117 116 102 56 109 98 52 95 117 110 105 99 111 100 101 95 99 105 32 68 69 70 65 85 76 84 32 78 85 76 76 44 10 32 32 96 98 49 95 114 51 96 32 118 97 114 99 104 97 114 40 55 41 32 67 79 76 76 65 84 69 32 117 116 102 56 109 98 52 95 117 110 105 99 111 100 101 95 99 105 32 68 69 70 65 85 76 84 32 78 85 76 76 44 10 32 32 96 98 49 95 114 52 96 32 118 97 114 99 104 97 114 40 49 48 41 32 67 79 76 76 65 84 69 32 117 116 102 56 109 98 52 95 117 110 105 99 111 100 101 95 99 105 32 68 69 70 65 85 76 84 32 78 85 76 76 44 10 32 32 96 98 49 95 114 53 95 97 96 32 108 111 110 103 116 101 120 116 32 67 79 76 76 65 84 69 32 117 116 102 56 109 98 52 95 117 110 105 99 111 100 101 95 99 105 44 10 32 32 96 98 49 95 114 53 95 98 96 32 108 111 110 103 116 101 120 116 32 67 79 76 76 65 84 69 32 117 116 102 56 109 98 52 95 117 110 105 99 111 100 101 95 99 105 44 10 32 32 96 98 49 95 114 53 95 99 95 97 108 97 109 97 116 96 32 108 111 110 103 116 101 120 116 32 67 79 76 76 65 84 69 32 117 116 102 56 109 98 52 95 117 110 105 99 111 100 101 95 99 105 44 10 32 32 96 98 49 95 114 53 95 99 114 116 96 32 108 111 110 103 116 101 120 116 32 67 79 76 76 65 84 69 32 117 116 102 56 109 98 52 95 117 110 105 99 111 100 101 95 99 105 44 10 32 32 96 98 49 95 114 53 95 99 114 119 96 32 108 111 110 103 116 101 120 116 32 67 79 76 76 65 84 69 32 117 116 102 56 109 98 52 95 117 110 105 99 111 100 101 95 99 105 44 10 32 32 96 98 49 95 114 53 95 99 95 107 111 100 101 95 112 111 115 96 32 108 111 110 103 116 101 120 116 32 67 79 76 76 65 84 69 32 117 116 102 56 109 98 52 95 117 110 105 99 111 100 101 95 99 105 44 10 32 32 96 98 49 95 114 53 95 99 95 116 101 108 95 107 111 100 101 95 97 114 101 97 96 32 108 111 110 103 116 101 120 116 32 67 79 76 76 65 84 69 32 117 116 102 56 109 98 52 95 117 110 105 99 111 100 101 95 99 105 44 10 32 32 96 98 49 95 114 53 95 99 95 116 101 108 95 110 111 109 111 114 96 32 108 111 110 103 116 101 120 116 32 67 79 76 76 65 84 69 32 117 116 102 56 109 98 52 95 117 110 105 99 111 100 101 95 99 105 44 10 32 32 96 98 49 95 114 53 95 99 95 116 101 108 95 101 107 115 116 101 110 115 105 96 32 108 111 110 103 116 101 120 116 32 67 79 76 76 65 84 69 32 117 116 102 56 109 98 52 95 117 110 105 99 111 100 101 95 99 105 44 10 32 32 96 98 49 95 114 53 95 99 95 101 109 97 105 108 96 32 108 111 110 103 116 101 120 116 32 67 79 76 76 65 84 69 32 117 116 102 56 109 98 52 95 117 110 105 99 111 100 101 95 99 105 44 10 32 32 96 98 49 95 114 53 95 99 95 104 111 109 101 112 97 103 101 96 32 108 111 110 103 116 101 120 116 32 67 79 76 76 65 84 69 32 117 116 102 56 109 98 52 95 117 110 105 99 111 100 101 95 99 105 44 10 32 32 96 98 49 95 114 53 95 99 104 112 96 32 108 111 110 103 116 101 120 116 32 67 79 76 76 65 84 69 32 117 116 102 56 109 98 52 95 117 110 105 99 111 100 101 95 99 105 44 10 32 32 96 98 49 95 114 53 95 100 96 32 98 105 103 105 110 116 32 68 69 70 65 85 76 84 32 78 85 76 76 44 10 32 32 96 98 49 95 114 53 95 101 96 32 108 111 110 103 116 101 120 116 32 67 79 76 76 65 84 69 32 117 116 102 56 109 98 52 95 117 110 105 99 111 100 101 95 99 105 44 10 32 32 96 98 49 95 114 54 95 97 96 32 98 105 103 105 110 116 32 68 69 70 65 85 76 84 32 78 85 76 76 44 10 32 32 96 98 49 95 114 54 95 98 96 32 108 111 110 103 116 101 120 116 32 67 79 76 76 65 84 69 32 117 116 102 56 109 98 52 95 117 110 105 99 111 100 101 95 99 105 44 10 32 32 96 98 49 95 114 54 95 99 96 32 98 105 103 105 110 116 32 68 69 70 65 85 76 84 32 78 85 76 76 44 10 32 32 96 98 49 95 114 54 95 99 95 108 97 105 110 110 121 97 96 32 108 111 110 103 116 101 120 116 32 67 79 76 76 65 84 69 32 117 116 102 56 109 98 52 95 117 110 105 99 111 100 101 95 99 105 44 10 32 32 96 98 49 95 114 55 95 97 96 32 98 105 103 105 110 116 32 68 69 70 65 85 76 84 32 78 85 76 76 44 10 32 32 96 98 49 95 114 55 95 98 96 32 98 105 103 105 110 116 32 68 69 70 65 85 76 84 32 78 85 76 76 44 10 32 32 96 98 49 95 114 55 95 99 96 32 98 105 103 105 110 116 32 68 69 70 65 85 76 84 32 78 85 76 76 44 10 32 32 96 98 49 95 114 55 95 100 96 32 98 105 103 105 110 116 32 68 69 70 65 85 76 84 32 78 85 76 76 44 10 32 32 96 98 49 95 114 56 95 97 96 32 108 111 110 103 116 101 120 116 32 67 79 76 76 65 84 69 32 117 116 102 56 109 98 52 95 117 110 105 99 111 100 101 95 99 105 44 10 32 32 96 98 49 95 114 56 95 98 96 32 98 105 103 105 110 116 32 68 69 70 65 85 76 84 32 78 85 76 76 44 10 32 32 96 98 49 95 114 56 95 99 96 32 98 105 103 105 110 116 32 68 69 70 65 85 76 84 32 78 85 76 76 44 10 32 32 96 98 49 95 114 56 95 100 96 32 108 111 110 103 116 101 120 116 32 67 79 76 76 65 84 69 32 117 116 102 56 109 98 52 95 117 110 105 99 111 100 101 95 99 105 44 10 32 32 96 98 49 95 114 57 95 97 96 32 108 111 110 103 116 101 120 116 32 67 79 76 76 65 84 69 32 117 116 102 56 109 98 52 95 117 110 105 99 111 100 101 95 99 105 44 10 32 32 96 98 49 95 114 57 95 98 49 96 32 98 105 103 105 110 116 32 68 69 70 65 85 76 84 32 78 85 76 76 44 10 32 32 96 98 49 95 114 57 95 98 50 96 32 98 105 103 105 110 116 32 68 69 70 65 85 76 84 32 78 85 76 76 44 10 32 32 96 98 49 95 114 57 95 98 51 96 32 98 105 103 105 110 116 32 68 69 70 65 85 76 84 32 78 85 76 76 44 10 32 32 96 98 49 95 114 57 95 98 52 96 32 98 105 103 105 110 116 32 68 69 70 65 85 76 84 32 78 85 76 76 44 10 32 32 96 98 49 95 114 57 95 99 96 32 98 105 103 105 110 116 32 68 69 70 65 85 76 84 32 78 85 76 76 44 10 32 32 96 98 49 95 114 57 95 100 96 32 108 111 110 103 116 101 120 116 32 67 79 76 76 65 84 69 32 117 116 102 56 109 98 52 95 117 110 105 99 111 100 101 95 99 105 44 10 32 32 96 98 49 95 114 57 95 101 96 32 108 111 110 103 116 101 120 116 32 67 79 76 76 65 84 69 32 117 116 102 56 109 98 52 95 117 110 105 99 111 100 101 95 99 105 44 10 32 32 96 98 49 95 114 57 95 102 96 32 108 111 110 103 116 101 120 116 32 67 79 76 76 65 84 69 32 117 116 102 56 109 98 52 95 117 110 105 99 111 100 101 95 99 105 44 10 32 32 96 98 49 95 114 57 95 103 96 32 108 111 110 103 116 101 120 116 32 67 79 76 76 65 84 69 32 117 116 102 56 109 98 52 95 117 110 105 99 111 100 101 95 99 105 44 10 32 32 96 98 49 95 114 57 95 104 96 32 108 111 110 103 116 101 120 116 32 67 79 76 76 65 84 69 32 117 116 102 56 109 98 52 95 117 110 105 99 111 100 101 95 99 105 44 10 32 32 96 98 49 95 114 57 95 105 96 32 98 105 103 105 110 116 32 68 69 70 65 85 76 84 32 78 85 76 76 44 10 32 32 96 98 49 95 114 49 48 95 97 96 32 98 105 103 105 110 116 32 68 69 70 65 85 76 84 32 78 85 76 76 44 10 32 32 96 98 49 95 114 49 48 95 98 96 32 98 105 103 105 110 116 32 68 69 70 65 85 76 84 32 78 85 76 76 44 10 32 32 96 98 49 95 114 49 49 95 97 96 32 108 111 110 103 116 101 120 116 32 67 79 76 76 65 84 69 32 117 116 102 56 109 98 52 95 117 110 105 99 111 100 101 95 99 105 44 10 32 32 96 98 49 95 114 49 49 95 98 96 32 108 111 110 103 116 101 120 116 32 67 79 76 76 65 84 69 32 117 116 102 56 109 98 52 95 117 110 105 99 111 100 101 95 99 105 44 10 32 32 96 98 49 95 114 49 49 95 99 96 32 108 111 110 103 116 101 120 116 32 67 79 76 76 65 84 69 32 117 116 102 56 109 98 52 95 117 110 105 99 111 100 101 95 99 105 44 10 32 32 96 98 49 95 114 49 49 95 100 96 32 108 111 110 103 116 101 120 116 32 67 79 76 76 65 84 69 32 117 116 102 56 109 98 52 95 117 110 105 99 111 100 101 95 99 105 44 10 32 32 96 98 49 95 114 49 49 95 101 96 32 108 111 110 103 116 101 120 116 32 67 79 76 76 65 84 69 32 117 116 102 56 109 98 52 95 117 110 105 99 111 100 101 95 99 105 44 10 32 32 96 98 49 95 114 49 49 95 102 96 32 108 111 110 103 116 101 120 116 32 67 79 76 76 65 84 69 32 117 116 102 56 109 98 52 95 117 110 105 99 111 100 101 95 99 105 44 10 32 32 96 98 49 95 114 49 50 95 97 96 32 98 105 103 105 110 116 32 68 69 70 65 85 76 84 32 78 85 76 76 44 10 32 32 96 98 49 95 114 49 50 95 98 49 96 32 98 105 103 105 110 116 32 68 69 70 65 85 76 84 32 78 85 76 76 44 10 32 32 96 98 49 95 114 49 50 95 98 50 96 32 98 105 103 105 110 116 32 68 69 70 65 85 76 84 32 78 85 76 76 44 10 32 32 96 98 49 95 114 49 50 95 98 51 96 32 98 105 103 105 110 116 32 68 69 70 65 85 76 84 32 78 85 76 76 44 10 32 32 96 98 49 95 114 49 50 95 98 52 96 32 98 105 103 105 110 116 32 68 69 70 65 85 76 84 32 78 85 76 76 44 10 32 32 96 98 49 95 114 49 50 95 98 53 96 32 98 105 103 105 110 116 32 68 69 70 65 85 76 84 32 78 85 76 76 44 10 32 32 96 98 49 95 114 49 50 95 98 54 96 32 98 105 103 105 110 116 32 68 69 70 65 85 76 84 32 78 85 76 76 44 10 32 32 96 98 49 95 114 49 50 95 99 96 32 98 105 103 105 110 116 32 68 69 70 65 85 76 84 32 78 85 76 76 44 10 32 32 96 98 49 95 114 49 51 95 97 96 32 98 105 103 105 110 116 32 68 69 70 65 85 76 84 32 78 85 76 76 44 10 32 32 96 98 49 95 114 49 51 95 98 96 32 98 105 103 105 110 116 32 68 69 70 65 85 76 84 32 78 85 76 76 44 10 32 32 96 98 49 95 114 49 52 96 32 98 105 103 105 110 116 32 68 69 70 65 85 76 84 32 78 85 76 76 44 10 32 32 96 98 49 95 114 49 53 95 97 96 32 98 105 103 105 110 116 32 68 69 70 65 85 76 84 32 78 85 76 76 44 10 32 32 96 98 49 95 114 49 53 95 98 96 32 98 105 103 105 110 116 32 68 69 70 65 85 76 84 32 78 85 76 76 44 10 32 32 96 98 49 95 114 49 53 95 99 96 32 98 105 103 105 110 116 32 68 69 70 65 85 76 84 32 78 85 76 76 44 10 32 32 96 98 49 95 114 49 54 95 97 96 32 98 105 103 105 110 116 32 68 69 70 65 85 76 84 32 78 85 76 76 44 10 32 32 96 98 49 95 114 49 54 95 98 96 32 98 105 103 105 110 116 32 68 69 70 65 85 76 84 32 78 85 76 76 44 10 32 32 96 98 49 95 114 49 54 95 99 96 32 98 105 103 105 110 116 32 68 69 70 65 85 76 84 32 78 85 76 76 44 10 32 32 96 98 49 95 114 49 55 96 32 98 105 103 105 110 116 32 68 69 70 65 85 76 84 32 78 85 76 76 44 10 32 32 96 98 49 95 114 49 56 96 32 98 105 103 105 110 116 32 68 69 70 65 85 76 84 32 78 85 76 76 44 10 32 32 96 98 49 95 114 49 57 95 97 96 32 98 105 103 105 110 116 32 68 69 70 65 85 76 84 32 78 85 76 76 44 10 32 32 96 98 49 95 114 49 57 95 98 96 32 98 105 103 105 110 116 32 68 69 70 65 85 76 84 32 78 85 76 76 44 10 32 32 96 98 49 95 114 50 48 95 97 96 32 98 105 103 105 110 116 32 68 69 70 65 85 76 84 32 78 85 76 76 44 10 32 32 96 98 49 95 114 50 48 95 98 96 32 98 105 103 105 110 116 32 68 69 70 65 85 76 84 32 78 85 76 76 44 10 32 32 96 98 49 95 114 50 48 95 99 96 32 98 105 103 105 110 116 32 68 69 70 65 85 76 84 32 78 85 76 76 44 10 32 32 96 98 49 95 114 50 49 96 32 98 105 103 105 110 116 32 68 69 70 65 85 76 84 32 78 85 76 76 44 10 32 32 96 98 49 95 114 50 50 95 97 96 32 100 101 99 105 109 97 108 40 50 48 44 48 41 32 68 69 70 65 85 76 84 32 78 85 76 76 44 10 32 32 96 98 49 95 114 50 50 95 98 96 32 100 101 99 105 109 97 108 40 50 48 44 48 41 32 68 69 70 65 85 76 84 32 78 85 76 76 44 10 32 32 96 98 49 95 114 50 50 95 99 96 32 100 101 99 105 109 97 108 40 50 48 44 48 41 32 68 69 70 65 85 76 84 32 78 85 76 76 44 10 32 32 96 98 49 95 114 50 50 95 100 96 32 100 101 99 105 109 97 108 40 50 48 44 48 41 32 68 69 70 65 85 76 84 32 78 85 76 76 44 10 32 32 96 98 49 95 114 50 50 95 101 96 32 100 101 99 105 109 97 108 40 50 48 44 48 41 32 68 69 70 65 85 76 84 32 78 85 76 76 44 10 32 32 96 98 49 95 114 50 50 95 102 96 32 100 101 99 105 109 97 108 40 50 48 44 48 41 32 68 69 70 65 85 76 84 32 78 85 76 76 44 10 32 32 96 98 49 95 114 50 51 95 97 96 32 100 101 99 105 109 97 108 40 50 48 44 48 41 32 68 69 70 65 85 76 84 32 78 85 76 76 44 10 32 32 96 98 49 95 114 50 51 95 98 96 32 100 101 99 105 109 97 108 40 50 48 44 48 41 32 68 69 70 65 85 76 84 32 78 85 76 76 44 10 32 32 96 98 49 95 114 50 51 95 99 96 32 100 101 99 105 109 97 108 40 50 48 44 48 41 32 68 69 70 65 85 76 84 32 78 85 76 76 44 10 32 32 96 98 49 95 114 50 51 95 100 96 32 100 101 99 105 109 97 108 40 53 44 50 41 32 68 69 70 65 85 76 84 32 78 85 76 76 44 10 32 32 96 98 49 95 114 50 52 95 97 96 32 100 101 99 105 109 97 108 40 50 48 44 48 41 32 68 69 70 65 85 76 84 32 78 85 76 76 44 10 32 32 96 98 49 95 114 50 52 95 98 96 32 100 101 99 105 109 97 108 40 50 48 44 48 41 32 68 69 70 65 85 76 84 32 78 85 76 76 44 10 32 32 96 98 49 95 114 50 52 95 99 96 32 100 101 99 105 109 97 108 40 50 48 44 48 41 32 68 69 70 65 85 76 84 32 78 85 76 76 44 10 32 32 96 98 49 95 114 50 52 95 99 49 96 32 98 105 103 105 110 116 32 68 69 70 65 85 76 84 32 78 85 76 76 44 10 32 32 96 98 49 95 114 50 52 95 100 96 32 100 101 99 105 109 97 108 40 49 53 44 50 41 32 68 69 70 65 85 76 84 32 78 85 76 76 44 10 32 32 96 98 49 95 114 50 53 95 97 96 32 100 101 99 105 109 97 108 40 53 44 50 41 32 68 69 70 65 85 76 84 32 78 85 76 76 44 10 32 32 96 98 49 95 114 50 53 95 98 96 32 100 101 99 105 109 97 108 40 53 44 50 41 32 68 69 70 65 85 76 84 32 78 85 76 76 44 10 32 32 96 98 49 95 114 50 53 95 99 96 32 100 101 99 105 109 97 108 40 53 44 50 41 32 68 69 70 65 85 76 84 32 78 85 76 76 44 10 32 32 96 98 49 95 114 50 53 95 100 96 32 100 101 99 105 109 97 108 40 53 44 50 41 32 68 69 70 65 85 76 84 32 78 85 76 76 44 10 32 32 96 98 49 95 114 50 53 95 101 96 32 100 101 99 105 109 97 108 40 53 44 50 41 32 68 69 70 65 85 76 84 32 78 85 76 76 44 10 32 32 96 98 49 95 114 50 53 95 102 96 32 100 101 99 105 109 97 108 40 53 44 50 41 32 68 69 70 65 85 76 84 32 78 85 76 76 44 10 32 32 96 98 49 95 114 50 53 95 103 96 32 100 101 99 105 109 97 108 40 53 44 50 41 32 68 69 70 65 85 76 84 32 78 85 76 76 44 10 32 32 96 98 50 95 99 97 116 97 116 97 110 96 32 116 101 120 116 32 67 79 76 76 65 84 69 32 117 116 102 56 109 98 52 95 117 110 105 99 111 100 101 95 99 105 44 10 32 32 96 98 51 95 114 49 96 32 118 97 114 99 104 97 114 40 49 48 48 41 32 67 79 76 76 65 84 69 32 117 116 102 56 109 98 52 95 117 110 105 99 111 100 101 95 99 105 32 68 69 70 65 85 76 84 32 78 85 76 76 44 10 32 32 96 98 51 95 114 51 96 32 118 97 114 99 104 97 114 40 50 48 41 32 67 79 76 76 65 84 69 32 117 116 102 56 109 98 52 95 117 110 105 99 111 100 101 95 99 105 32 68 69 70 65 85 76 84 32 78 85 76 76 44 10 32 32 96 98 51 95 114 52 96 32 118 97 114 99 104 97 114 40 49 48 48 41 32 67 79 76 76 65 84 69 32 117 116 102 56 109 98 52 95 117 110 105 99 111 100 101 95 99 105 32 68 69 70 65 85 76 84 32 78 85 76 76 44 10 32 32 96 99 97 116 97 116 97 110 95 110 103 105 98 97 114 96 32 116 101 120 116 32 67 79 76 76 65 84 69 32 117 116 102 56 109 98 52 95 117 110 105 99 111 100 101 95 99 105 44 10 32 32 96 116 97 110 103 103 97 108 95 112 101 108 97 107 115 97 110 97 97 110 96 32 100 97 116 101 116 105 109 101 40 51 41 32 68 69 70 65 85 76 84 32 78 85 76 76 44 10 32 32 96 115 117 98 109 105 116 116 101 100 95 97 116 96 32 100 97 116 101 116 105 109 101 40 51 41 32 68 69 70 65 85 76 84 32 78 85 76 76 44 10 32 32 96 117 112 100 97 116 101 100 95 97 116 96 32 100 97 116 101 116 105 109 101 40 51 41 32 68 69 70 65 85 76 84 32 78 85 76 76 44 10 32 32 80 82 73 77 65 82 89 32 75 69 89 32 40 96 105 100 96 41 44 10 32 32 85 78 73 81 85 69 32 75 69 89 32 96 117 110 105 95 112 101 110 100 97 116 97 97 110 95 112 101 114 117 115 97 104 97 97 110 95 105 100 96 32 40 96 112 101 114 117 115 97 104 97 97 110 73 100 96 41 44 10 32 32 67 79 78 83 84 82 65 73 78 84 32 96 102 107 95 112 101 114 117 115 97 104 97 97 110 95 112 101 110 100 97 116 97 97 110 96 32 70 79 82 69 73 71 78 32 75 69 89 32 40 96 112 101 114 117 115 97 104 97 97 110 73 100 96 41 32 82 69 70 69 82 69 78 67 69 83 32 96 112 101 114 117 115 97 104 97 97 110 96 32 40 96 105 100 96 41 10 41 32 69 78 71 73 78 69 61 73 110 110 111 68 66 32 65 85 84 79 95 73 78 67 82 69 77 69 78 84 61 52 32 68 69 70 65 85 76 84 32 67 72 65 82 83 69 84 61 117 116 102 56 109 98 52 32 67 79 76 76 65 84 69 61 117 116 102 56 109 98 52 95 117 110 105 99 111 100 101 95 99 105]


2026/09/22 18:08:52 [32mD:/Pekerjaan BPS1200/Tim Inovasi/Website/prangibar-go/cmd/showfk/main.go:23
[0m[33m[7.683ms] [34;1m[rows:-][0m SHOW CREATE TABLE `pendataan_mahasiswas`
===== pendataan_mahasiswas =====
[67 82 69 65 84 69 32 84 65 66 76 69 32 96 112 101 110 100 97 116 97 97 110 95 109 97 104 97 115 105 115 119 97 115 96 32 40 10 32 32 96 105 100 96 32 98 105 103 105 110 116 32 117 110 115 105 103 110 101 100 32 78 79 84 32 78 85 76 76 32 65 85 84 79 95 73 78 67 82 69 77 69 78 84 44 10 32 32 96 101 109 97 105 108 96 32 118 97 114 99 104 97 114 40 49 57 49 41 32 78 79 84 32 78 85 76 76 44 10 32 32 96 110 105 107 96 32 118 97 114 99 104 97 114 40 49 57 49 41 32 78 79 84 32 78 85 76 76 44 10 32 32 96 112 105 110 96 32 108 111 110 103 116 101 120 116 32 78 79 84 32 78 85 76 76 44 10 32 32 96 115 116 97 116 117 115 96 32 118 97 114 99 104 97 114 40 49 57 49 41 32 68 69 70 65 85 76 84 32 39 68 82 65 70 84 39 44 10 32 32 96 99 114 101 97 116 101 100 95 97 116 96 32 100 97 116 101 116 105 109 101 40 51 41 32 68 69 70 65 85 76 84 32 78 85 76 76 44 10 32 32 96 117 112 100 97 116 101 100 95 97 116 96 32 100 97 116 101 116 105 109 101 40 51 41 32 68 69 70 65 85 76 84 32 78 85 76 76 44 10 32 32 96 100 101 108 101 116 101 100 95 97 116 96 32 100 97 116 101 116 105 109 101 40 51 41 32 68 69 70 65 85 76 84 32 78 85 76 76 44 10 32 32 96 110 97 109 97 95 107 101 112 97 108 97 95 107 101 108 117 97 114 103 97 96 32 108 111 110 103 116 101 120 116 44 10 32 32 96 110 105 107 95 107 101 112 97 108 97 95 107 101 108 117 97 114 103 97 96 32 108 111 110 103 116 101 120 116 44 10 32 32 96 110 111 109 111 114 95 107 107 96 32 108 111 110 103 116 101 120 116 44 10 32 32 96 106 117 109 108 97 104 95 97 110 103 103 111 116 97 95 107 101 108 117 97 114 103 97 95 107 107 96 32 98 105 103 105 110 116 32 68 69 70 65 85 76 84 32 78 85 76 76 44 10 32 32 96 106 117 109 108 97 104 95 97 110 103 103 111 116 97 95 107 101 108 117 97 114 103 97 95 112 101 110 100 97 116 97 97 110 96 32 98 105 103 105 110 116 32 68 69 70 65 85 76 84 32 78 85 76 76 44 10 32 32 96 112 114 111 118 105 110 115 105 96 32 108 111 110 103 116 101 120 116 44 10 32 32 96 107 97 98 117 112 97 116 101 110 95 107 111 116 97 96 32 108 111 110 103 116 101 120 116 44 10 32 32 96 107 101 99 97 109 97 116 97 110 96 32 108 111 110 103 116 101 120 116 44 10 32 32 96 100 101 115 97 95 107 101 108 117 114 97 104 97 110 96 32 108 111 110 103 116 101 120 116 44 10 32 32 96 107 108 97 115 105 102 105 107 97 115 105 95 100 101 115 97 95 107 111 116 97 96 32 108 111 110 103 116 101 120 116 44 10 32 32 96 107 111 100 101 95 112 111 115 96 32 108 111 110 103 116 101 120 116 44 10 32 32 96 107 111 100 101 95 115 108 115 96 32 108 111 110 103 116 101 120 116 44 10 32 32 96 110 97 109 97 95 115 108 115 96 32 108 111 110 103 116 101 120 116 44 10 32 32 96 97 108 97 109 97 116 95 108 101 110 103 107 97 112 96 32 108 111 110 103 116 101 120 116 44 10 32 32 96 110 97 109 97 95 106 97 108 97 110 96 32 108 111 110 103 116 101 120 116 44 10 32 32 96 110 111 109 111 114 95 114 117 109 97 104 96 32 108 111 110 103 116 101 120 116 44 10 32 32 96 97 108 97 109 97 116 95 115 101 115 117 97 105 95 107 107 96 32 98 105 103 105 110 116 32 68 69 70 65 85 76 84 32 78 85 76 76 44 10 32 32 96 112 114 111 118 105 110 115 105 95 98 112 115 96 32 108 111 110 103 116 101 120 116 44 10 32 32 96 107 97 98 117 112 97 116 101 110 95 107 111 116 97 95 98 112 115 96 32 108 111 110 103 116 101 120 116 44 10 32 32 96 107 101 99 97 109 97 116 97 110 95 98 112 115 96 32 108 111 110 103 116 101 120 116 44 10 32 32 96 107 101 108 117 114 97 104 97 110 95 98 112 115 96 32 108 111 110 103 116 101 120 116 44 10 32 32 96 110 97 109 97 95 115 108 115 98 112 115 96 32 108 111 110 103 116 101 120 116 44 10 32 32 96 110 111 109 111 114 95 98 97 110 103 117 110 97 110 96 32 108 111 110 103 116 101 120 116 44 10 32 32 96 110 111 109 111 114 95 117 114 117 116 95 117 115 97 104 97 96 32 108 111 110 103 116 101 120 116 44 10 32 32 96 110 97 109 97 95 117 115 97 104 97 96 32 108 111 110 103 116 101 120 116 44 10 32 32 96 110 97 109 97 95 107 111 109 101 114 115 105 97 108 96 32 108 111 110 103 116 101 120 116 44 10 32 32 96 97 108 97 109 97 116 95 117 115 97 104 97 96 32 108 111 110 103 116 101 120 116 44 10 32 32 96 114 116 96 32 108 111 110 103 116 101 120 116 44 10 32 32 96 114 119 96 32 108 111 110 103 116 101 120 116 44 10 32 32 96 110 111 109 111 114 95 116 101 108 101 112 111 110 96 32 108 111 110 103 116 101 120 116 44 10 32 32 96 107 111 100 101 95 112 111 115 95 117 115 97 104 97 96 32 108 111 110 103 116 101 120 116 44 10 32 32 96 107 111 100 101 95 97 114 101 97 96 32 108 111 110 103 116 101 120 116 44 10 32 32 96 110 111 109 111 114 95 116 101 108 101 112 111 110 95 102 117 108 108 96 32 108 111 110 103 116 101 120 116 44 10 32 32 96 101 107 115 116 101 110 115 105 96 32 108 111 110 103 116 101 120 116 44 10 32 32 96 101 109 97 105 108 95 117 115 97 104 97 96 32 108 111 110 103 116 101 120 116 44 10 32 32 96 104 111 109 101 112 97 103 101 96 32 108 111 110 103 116 101 120 116 44 10 32 32 96 110 111 109 111 114 95 104 112 96 32 108 111 110 103 116 101 120 116 44 10 32 32 96 106 101 110 105 115 95 107 97 119 97 115 97 110 96 32 98 105 103 105 110 116 32 68 69 70 65 85 76 84 32 78 85 76 76 44 10 32 32 96 110 97 109 97 95 107 97 119 97 115 97 110 96 32 108 111 110 103 116 101 120 116 44 10 32 32 96 106 101 110 105 115 95 117 115 97 104 97 96 32 98 105 103 105 110 116 32 68 69 70 65 85 76 84 32 78 85 76 76 44 10 32 32 96 108 111 107 97 115 105 95 117 116 97 109 97 96 32 108 111 110 103 116 101 120 116 44 10 32 32 96 112 114 111 118 105 110 115 105 95 108 111 107 97 115 105 96 32 108 111 110 103 116 101 120 116 44 10 32 32 96 107 97 98 117 112 97 116 101 110 95 107 111 116 97 95 108 111 107 97 115 105 96 32 108 111 110 103 116 101 120 116 44 10 32 32 96 112 117 110 121 97 95 110 105 98 96 32 98 105 103 105 110 116 32 68 69 70 65 85 76 84 32 78 85 76 76 44 10 32 32 96 110 111 109 111 114 95 110 105 98 96 32 108 111 110 103 116 101 120 116 44 10 32 32 96 97 108 97 115 97 110 95 116 105 100 97 107 95 110 105 98 96 32 98 105 103 105 110 116 32 68 69 70 65 85 76 84 32 78 85 76 76 44 10 32 32 96 97 108 97 115 97 110 95 116 105 100 97 107 95 110 105 98 95 108 97 105 110 110 121 97 96 32 108 111 110 103 116 101 120 116 44 10 32 32 96 115 116 97 116 117 115 95 98 97 100 97 110 95 117 115 97 104 97 96 32 108 111 110 103 116 101 120 116 44 10 32 32 96 107 111 112 101 114 97 115 105 95 107 100 107 109 112 96 32 98 105 103 105 110 116 32 68 69 70 65 85 76 84 32 78 85 76 76 44 10 32 32 96 106 101 110 105 115 95 107 111 112 101 114 97 115 105 96 32 98 105 103 105 110 116 32 68 69 70 65 85 76 84 32 78 85 76 76 44 10 32 32 96 112 117 110 121 97 95 108 97 112 111 114 97 110 95 107 101 117 97 110 103 97 110 96 32 98 105 103 105 110 116 32 68 69 70 65 85 76 84 32 78 85 76 76 44 10 32 32 96 110 97 109 97 95 112 101 110 103 117 115 97 104 97 96 32 108 111 110 103 116 101 120 116 44 10 32 32 96 106 101 110 105 115 95 107 101 108 97 109 105 110 96 32 98 105 103 105 110 116 32 68 69 70 65 85 76 84 32 78 85 76 76 44 10 32 32 96 117 109 117 114 95 112 101 110 103 117 115 97 104 97 96 32 98 105 103 105 110 116 32 68 69 70 65 85 76 84 32 78 85 76 76 44 10 32 32 96 110 105 107 95 112 101 110 103 117 115 97 104 97 96 32 108 111 110 103 116 101 120 116 44 10 32 32 96 107 101 103 105 97 116 97 110 95 117 116 97 109 97 96 32 108 111 110 103 116 101 120 116 44 10 32 32 96 109 101 109 112 114 111 100 117 107 115 105 95 98 97 114 97 110 103 96 32 98 105 103 105 110 116 32 68 69 70 65 85 76 84 32 78 85 76 76 44 10 32 32 96 108 97 121 97 110 97 110 95 109 97 107 97 110 95 109 105 110 117 109 96 32 98 105 103 105 110 116 32 68 69 70 65 85 76 84 32 78 85 76 76 44 10 32 32 96 112 101 110 106 117 97 108 97 110 95 98 97 114 97 110 103 96 32 98 105 103 105 110 116 32 68 69 70 65 85 76 84 32 78 85 76 76 44 10 32 32 96 97 107 116 105 118 105 116 97 115 95 117 116 97 109 97 96 32 98 105 103 105 110 116 32 68 69 70 65 85 76 84 32 78 85 76 76 44 10 32 32 96 116 101 109 112 97 116 95 117 115 97 104 97 96 32 98 105 103 105 110 116 32 68 69 70 65 85 76 84 32 78 85 76 76 44 10 32 32 96 105 110 112 117 116 95 117 115 97 104 97 96 32 108 111 110 103 116 101 120 116 44 10 32 32 96 112 114 111 115 101 115 95 117 115 97 104 97 96 32 108 111 110 103 116 101 120 116 44 10 32 32 96 112 114 111 100 117 107 95 117 116 97 109 97 96 32 108 111 110 103 116 101 120 116 44 10 32 32 96 107 111 100 101 95 107 98 108 105 96 32 108 111 110 103 116 101 120 116 44 10 32 32 96 107 97 116 101 103 111 114 105 95 108 97 112 97 110 103 97 110 95 117 115 97 104 97 96 32 108 111 110 103 116 101 120 116 44 10 32 32 96 107 108 97 115 105 102 105 107 97 115 105 95 97 107 111 109 111 100 97 115 105 96 32 98 105 103 105 110 116 32 68 69 70 65 85 76 84 32 78 85 76 76 44 10 32 32 96 106 97 114 105 110 103 97 110 95 117 115 97 104 97 96 32 98 105 103 105 110 116 32 68 69 70 65 85 76 84 32 78 85 76 76 44 10 32 32 96 106 117 109 108 97 104 95 99 97 98 97 110 103 96 32 98 105 103 105 110 116 32 68 69 70 65 85 76 84 32 78 85 76 76 44 10 32 32 96 110 97 109 97 95 107 97 110 116 111 114 95 112 117 115 97 116 96 32 108 111 110 103 116 101 120 116 44 10 32 32 96 97 108 97 109 97 116 95 107 97 110 116 111 114 95 112 117 115 97 116 96 32 108 111 110 103 116 101 120 116 44 10 32 32 96 101 109 97 105 108 95 107 97 110 116 111 114 95 112 117 115 97 116 96 32 108 111 110 103 116 101 120 116 44 10 32 32 96 110 101 103 97 114 97 96 32 108 111 110 103 116 101 120 116 44 10 32 32 96 112 114 111 118 105 110 115 105 95 107 112 96 32 108 111 110 103 116 101 120 116 44 10 32 32 96 107 97 98 117 112 97 116 101 110 95 107 111 116 97 95 107 112 96 32 108 111 110 103 116 101 120 116 44 10 32 32 96 109 101 110 103 103 117 110 97 107 97 110 95 105 110 116 101 114 110 101 116 96 32 98 105 103 105 110 116 32 68 69 70 65 85 76 84 32 78 85 76 76 44 10 32 32 96 105 110 116 101 114 110 101 116 95 112 101 115 97 110 97 110 96 32 98 105 103 105 110 116 32 68 69 70 65 85 76 84 32 78 85 76 76 44 10 32 32 96 105 110 116 101 114 110 101 116 95 112 114 111 100 117 107 115 105 96 32 98 105 103 105 110 116 32 68 69 70 65 85 76 84 32 78 85 76 76 44 10 32 32 96 105 110 116 101 114 110 101 116 95 100 105 115 116 114 105 98 117 115 105 96 32 98 105 103 105 110 116 32 68 69 70 65 85 76 84 32 78 85 76 76 44 10 32 32 96 105 110 116 101 114 110 101 116 95 98 101 108 97 110 106 97 96 32 98 105 103 105 110 116 32 68 69 70 65 85 76 84 32 78 85 76 76 44 10 32 32 96 105 110 116 101 114 110 101 116 95 112 114 111 109 111 115 105 96 32 98 105 103 105 110 116 32 68 69 70 65 85 76 84 32 78 85 76 76 44 10 32 32 96 105 110 116 101 114 110 101 116 95 108 97 105 110 110 121 97 96 32 98 105 103 105 110 116 32 68 69 70 65 85 76 84 32 78 85 76 76 44 10 32 32 96 116 101 107 110 111 108 111 103 105 95 100 105 103 105 116 97 108 96 32 98 105 103 105 110 116 32 68 69 70 65 85 76 84 32 78 85 76 76 44 10 32 32 96 112 114 111 100 117 107 95 114 97 109 97 104 95 108 105 110 103 107 117 110 103 97 110 96 32 98 105 103 105 110 116 32 68 69 70 65 85 76 84 32 78 85 76 76 44 10 32 32 96 105 110 112 117 116 95 114 97 109 97 104 95 108 105 110 103 107 117 110 103 97 110 96 32 98 105 103 105 110 116 32 68 69 70 65 85 76 84 32 78 85 76 76 44 10 32 32 96 112 114 111 100 117 107 95 115 101 110 105 95 98 117 100 97 121 97 96 32 98 105 103 105 110 116 32 68 69 70 65 85 76 84 32 78 85 76 76 44 10 32 32 96 112 114 111 100 117 107 95 104 97 108 97 108 96 32 98 105 103 105 110 116 32 68 69 70 65 85 76 84 32 78 85 76 76 44 10 32 32 96 106 117 109 108 97 104 95 118 97 114 105 97 110 95 104 97 108 97 108 96 32 98 105 103 105 110 116 32 68 69 70 65 85 76 84 32 78 85 76 76 44 10 32 32 96 106 117 109 108 97 104 95 118 97 114 105 97 110 95 98 101 108 117 109 95 104 97 108 97 108 96 32 98 105 103 105 110 116 32 68 69 70 65 85 76 84 32 78 85 76 76 44 10 32 32 96 112 117 110 121 97 95 105 122 105 110 95 101 100 97 114 96 32 98 105 103 105 110 116 32 68 69 70 65 85 76 84 32 78 85 76 76 44 10 32 32 96 106 117 109 108 97 104 95 118 97 114 105 97 110 95 98 112 111 109 96 32 98 105 103 105 110 116 32 68 69 70 65 85 76 84 32 78 85 76 76 44 10 32 32 96 106 117 109 108 97 104 95 118 97 114 105 97 110 95 98 101 108 117 109 95 98 112 111 109 96 32 98 105 103 105 110 116 32 68 69 70 65 85 76 84 32 78 85 76 76 44 10 32 32 96 98 101 114 109 105 116 114 97 95 107 100 107 109 112 96 32 98 105 103 105 110 116 32 68 69 70 65 85 76 84 32 78 85 76 76 44 10 32 32 96 107 101 116 101 114 108 105 98 97 116 97 110 95 109 98 103 96 32 98 105 103 105 110 116 32 68 69 70 65 85 76 84 32 78 85 76 76 44 10 32 32 96 116 114 97 110 115 97 107 115 105 95 98 97 114 97 110 103 96 32 98 105 103 105 110 116 32 68 69 70 65 85 76 84 32 78 85 76 76 44 10 32 32 96 116 114 97 110 115 97 107 115 105 95 106 97 115 97 95 106 117 97 108 96 32 98 105 103 105 110 116 32 68 69 70 65 85 76 84 32 78 85 76 76 44 10 32 32 96 116 114 97 110 115 97 107 115 105 95 106 97 115 97 95 98 101 108 105 96 32 98 105 103 105 110 116 32 68 69 70 65 85 76 84 32 78 85 76 76 44 10 32 32 96 112 101 107 101 114 106 97 95 108 97 107 105 95 108 97 107 105 96 32 98 105 103 105 110 116 32 68 69 70 65 85 76 84 32 78 85 76 76 44 10 32 32 96 112 101 107 101 114 106 97 95 100 105 98 97 121 97 114 96 32 98 105 103 105 110 116 32 68 69 70 65 85 76 84 32 78 85 76 76 44 10 32 32 96 112 101 107 101 114 106 97 95 112 101 114 101 109 112 117 97 110 96 32 98 105 103 105 110 116 32 68 69 70 65 85 76 84 32 78 85 76 76 44 10 32 32 96 112 101 107 101 114 106 97 95 116 105 100 97 107 95 100 105 98 97 121 97 114 96 32 98 105 103 105 110 116 32 68 69 70 65 85 76 84 32 78 85 76 76 44 10 32 32 96 116 111 116 97 108 95 112 101 107 101 114 106 97 96 32 98 105 103 105 110 116 32 68 69 70 65 85 76 84 32 78 85 76 76 44 10 32 32 96 116 111 116 97 108 95 112 101 107 101 114 106 97 95 100 105 98 97 121 97 114 96 32 98 105 103 105 110 116 32 68 69 70 65 85 76 84 32 78 85 76 76 44 10 32 32 96 116 97 104 117 110 95 98 101 114 111 112 101 114 97 115 105 96 32 98 105 103 105 110 116 32 68 69 70 65 85 76 84 32 78 85 76 76 44 10 32 32 96 117 112 97 104 95 103 97 106 105 50 48 50 53 96 32 100 101 99 105 109 97 108 40 50 48 44 48 41 32 68 69 70 65 85 76 84 32 78 85 76 76 44 10 32 32 96 98 105 97 121 97 95 112 114 111 100 117 107 115 105 50 48 50 53 96 32 100 101 99 105 109 97 108 40 50 48 44 48 41 32 68 69 70 65 85 76 84 32 78 85 76 76 44 10 32 32 96 98 105 97 121 97 95 112 101 109 98 101 108 105 97 110 50 48 50 53 96 32 100 101 99 105 109 97 108 40 50 48 44 48 41 32 68 69 70 65 85 76 84 32 78 85 76 76 44 10 32 32 96 98 105 97 121 97 95 111 112 101 114 97 115 105 111 110 97 108 50 48 50 53 96 32 100 101 99 105 109 97 108 40 50 48 44 48 41 32 68 69 70 65 85 76 84 32 78 85 76 76 44 10 32 32 96 98 105 97 121 97 95 110 111 110 95 111 112 101 114 97 115 105 111 110 97 108 50 48 50 53 96 32 100 101 99 105 109 97 108 40 50 48 44 48 41 32 68 69 70 65 85 76 84 32 78 85 76 76 44 10 32 32 96 116 111 116 97 108 95 112 101 110 103 101 108 117 97 114 97 110 50 48 50 53 96 32 100 101 99 105 109 97 108 40 50 48 44 48 41 32 68 69 70 65 85 76 84 32 78 85 76 76 44 10 32 32 96 110 105 108 97 105 95 112 114 111 100 117 107 115 105 50 48 50 53 96 32 100 101 99 105 109 97 108 40 50 48 44 48 41 32 68 69 70 65 85 76 84 32 78 85 76 76 44 10 32 32 96 112 101 110 100 97 112 97 116 97 110 95 108 97 105 110 50 48 50 53 96 32 100 101 99 105 109 97 108 40 50 48 44 48 41 32 68 69 70 65 85 76 84 32 78 85 76 76 44 10 32 32 96 116 111 116 97 108 95 112 101 110 100 97 112 97 116 97 110 50 48 50 53 96 32 100 101 99 105 109 97 108 40 50 48 44 48 41 32 68 69 70 65 85 76 84 32 78 85 76 76 44 10 32 32 96 112 101 114 115 101 110 95 111 110 108 105 110 101 50 48 50 53 96 32 100 101 99 105 109 97 108 40 53 44 50 41 32 68 69 70 65 85 76 84 32 78 85 76 76 44 10 32 32 96 97 115 101 116 95 116 97 110 97 104 95 98 97 110 103 117 110 97 110 50 48 50 53 96 32 100 101 99 105 109 97 108 40 50 48 44 48 41 32 68 69 70 65 85 76 84 32 78 85 76 76 44 10 32 32 96 97 115 101 116 95 108 97 105 110 50 48 50 53 96 32 100 101 99 105 109 97 108 40 50 48 44 48 41 32 68 69 70 65 85 76 84 32 78 85 76 76 44 10 32 32 96 116 111 116 97 108 95 97 115 101 116 50 48 50 53 96 32 100 101 99 105 109 97 108 40 50 48 44 48 41 32 68 69 70 65 85 76 84 32 78 85 76 76 44 10 32 32 96 114 101 110 116 97 110 103 95 97 115 101 116 50 48 50 53 96 32 98 105 103 105 110 116 32 68 69 70 65 85 76 84 32 78 85 76 76 44 10 32 32 96 108 117 97 115 95 116 97 110 97 104 50 48 50 53 96 32 100 101 99 105 109 97 108 40 49 53 44 50 41 32 68 69 70 65 85 76 84 32 78 85 76 76 44 10 32 32 96 109 111 100 97 108 95 112 114 105 98 97 100 105 50 48 50 53 96 32 100 101 99 105 109 97 108 40 53 44 50 41 32 68 69 70 65 85 76 84 32 78 85 76 76 44 10 32 32 96 109 111 100 97 108 95 110 111 110 112 114 111 102 105 116 50 48 50 53 96 32 100 101 99 105 109 97 108 40 53 44 50 41 32 68 69 70 65 85 76 84 32 78 85 76 76 44 10 32 32 96 109 111 100 97 108 95 112 117 98 108 105 107 50 48 50 53 96 32 100 101 99 105 109 97 108 40 53 44 50 41 32 68 69 70 65 85 76 84 32 78 85 76 76 44 10 32 32 96 109 111 100 97 108 95 110 111 110 112 117 98 108 105 107 50 48 50 53 96 32 100 101 99 105 109 97 108 40 53 44 50 41 32 68 69 70 65 85 76 84 32 78 85 76 76 44 10 32 32 96 109 111 100 97 108 95 112 101 109 101 114 105 110 116 97 104 50 48 50 53 96 32 100 101 99 105 109 97 108 40 53 44 50 41 32 68 69 70 65 85 76 84 32 78 85 76 76 44 10 32 32 96 109 111 100 97 108 95 97 115 105 110 103 50 48 50 53 96 32 100 101 99 105 109 97 108 40 53 44 50 41 32 68 69 70 65 85 76 84 32 78 85 76 76 44 10 32 32 96 109 111 100 97 108 95 116 111 116 97 108 50 48 50 53 96 32 100 101 99 105 109 97 108 40 53 44 50 41 32 68 69 70 65 85 76 84 32 78 85 76 76 44 10 32 32 96 117 112 97 104 95 103 97 106 105 95 98 117 108 97 110 96 32 100 101 99 105 109 97 108 40 50 48 44 48 41 32 68 69 70 65 85 76 84 32 78 85 76 76 44 10 32 32 96 98 105 97 121 97 95 112 114 111 100 117 107 115 105 95 98 117 108 97 110 96 32 100 101 99 105 109 97 108 40 50 48 44 48 41 32 68 69 70 65 85 76 84 32 78 85 76 76 44 10 32 32 96 98 105 97 121 97 95 112 101 109 98 101 108 105 97 110 95 98 117 108 97 110 96 32 100 101 99 105 109 97 108 40 50 48 44 48 41 32 68 69 70 65 85 76 84 32 78 85 76 76 44 10 32 32 96 98 105 97 121 97 95 111 112 101 114 97 115 105 111 110 97 108 95 98 117 108 97 110 96 32 100 101 99 105 109 97 108 40 50 48 44 48 41 32 68 69 70 65 85 76 84 32 78 85 76 76 44 10 32 32 96 98 105 97 121 97 95 110 111 110 95 111 112 101 114 97 115 105 111 110 97 108 95 98 117 108 97 110 96 32 100 101 99 105 109 97 108 40 50 48 44 48 41 32 68 69 70 65 85 76 84 32 78 85 76 76 44 10 32 32 96 116 111 116 97 108 95 112 101 110 103 101 108 117 97 114 97 110 95 98 117 108 97 110 96 32 100 101 99 105 109 97 108 40 50 48 44 48 41 32 68 69 70 65 85 76 84 32 78 85 76 76 44 10 32 32 96 110 105 108 97 105 95 112 114 111 100 117 107 115 105 95 98 117 108 97 110 96 32 100 101 99 105 109 97 108 40 50 48 44 48 41 32 68 69 70 65 85 76 84 32 78 85 76 76 44 10 32 32 96 112 101 110 100 97 112 97 116 97 110 95 108 97 105 110 95 98 117 108 97 110 96 32 100 101 99 105 109 97 108 40 50 48 44 48 41 32 68 69 70 65 85 76 84 32 78 85 76 76 44 10 32 32 96 116 111 116 97 108 95 112 101 110 100 97 112 97 116 97 110 95 98 117 108 97 110 96 32 100 101 99 105 109 97 108 40 50 48 44 48 41 32 68 69 70 65 85 76 84 32 78 85 76 76 44 10 32 32 96 112 101 114 115 101 110 95 111 110 108 105 110 101 95 98 117 108 97 110 96 32 100 101 99 105 109 97 108 40 53 44 50 41 32 68 69 70 65 85 76 84 32 78 85 76 76 44 10 32 32 96 98 117 108 97 110 95 98 101 114 111 112 101 114 97 115 105 96 32 108 111 110 103 116 101 120 116 44 10 32 32 96 97 115 101 116 95 116 97 110 97 104 95 98 97 110 103 117 110 97 110 95 98 117 108 97 110 96 32 100 101 99 105 109 97 108 40 50 48 44 48 41 32 68 69 70 65 85 76 84 32 78 85 76 76 44 10 32 32 96 97 115 101 116 95 108 97 105 110 95 98 117 108 97 110 96 32 100 101 99 105 109 97 108 40 50 48 44 48 41 32 68 69 70 65 85 76 84 32 78 85 76 76 44 10 32 32 96 116 111 116 97 108 95 97 115 101 116 95 98 117 108 97 110 96 32 100 101 99 105 109 97 108 40 50 48 44 48 41 32 68 69 70 65 85 76 84 32 78 85 76 76 44 10 32 32 96 114 101 110 116 97 110 103 95 97 115 101 116 95 98 117 108 97 110 96 32 98 105 103 105 110 116 32 68 69 70 65 85 76 84 32 78 85 76 76 44 10 32 32 96 108 117 97 115 95 116 97 110 97 104 95 98 117 108 97 110 96 32 100 101 99 105 109 97 108 40 49 53 44 50 41 32 68 69 70 65 85 76 84 32 78 85 76 76 44 10 32 32 96 109 111 100 97 108 95 112 114 105 98 97 100 105 95 97 119 97 108 96 32 100 101 99 105 109 97 108 40 53 44 50 41 32 68 69 70 65 85 76 84 32 78 85 76 76 44 10 32 32 96 109 111 100 97 108 95 110 111 110 112 114 111 102 105 116 95 97 119 97 108 96 32 100 101 99 105 109 97 108 40 53 44 50 41 32 68 69 70 65 85 76 84 32 78 85 76 76 44 10 32 32 96 109 111 100 97 108 95 112 117 98 108 105 107 95 97 119 97 108 96 32 100 101 99 105 109 97 108 40 53 44 50 41 32 68 69 70 65 85 76 84 32 78 85 76 76 44 10 32 32 96 109 111 100 97 108 95 110 111 110 112 117 98 108 105 107 95 97 119 97 108 96 32 100 101 99 105 109 97 108 40 53 44 50 41 32 68 69 70 65 85 76 84 32 78 85 76 76 44 10 32 32 96 109 111 100 97 108 95 112 101 109 101 114 105 110 116 97 104 95 97 119 97 108 96 32 100 101 99 105 109 97 108 40 53 44 50 41 32 68 69 70 65 85 76 84 32 78 85 76 76 44 10 32 32 96 109 111 100 97 108 95 97 115 105 110 103 95 97 119 97 108 96 32 100 101 99 105 109 97 108 40 53 44 50 41 32 68 69 70 65 85 76 84 32 78 85 76 76 44 10 32 32 96 109 111 100 97 108 95 116 111 116 97 108 95 97 119 97 108 96 32 100 101 99 105 109 97 108 40 53 44 50 41 32 68 69 70 65 85 76 84 32 78 85 76 76 44 10 32 32 96 106 101 110 105 115 95 98 97 110 103 117 110 97 110 96 32 98 105 103 105 110 116 32 68 69 70 65 85 76 84 32 78 85 76 76 44 10 32 32 96 110 111 109 111 114 95 108 97 110 116 97 105 96 32 108 111 110 103 116 101 120 116 44 10 32 32 96 106 117 109 108 97 104 95 107 101 108 117 97 114 103 97 95 114 117 109 97 104 96 32 98 105 103 105 110 116 32 68 69 70 65 85 76 84 32 78 85 76 76 44 10 32 32 96 115 116 97 116 117 115 95 107 101 112 101 109 105 108 105 107 97 110 96 32 98 105 103 105 110 116 32 68 69 70 65 85 76 84 32 78 85 76 76 44 10 32 32 96 98 117 107 116 105 95 107 101 112 101 109 105 108 105 107 97 110 96 32 98 105 103 105 110 116 32 68 69 70 65 85 76 84 32 78 85 76 76 44 10 32 32 96 112 101 114 107 105 114 97 97 110 95 115 101 119 97 96 32 100 101 99 105 109 97 108 40 49 53 44 50 41 32 68 69 70 65 85 76 84 32 78 85 76 76 44 10 32 32 96 110 105 108 97 105 95 107 111 110 116 114 97 107 96 32 100 101 99 105 109 97 108 40 49 53 44 50 41 32 68 69 70 65 85 76 84 32 78 85 76 76 44 10 32 32 96 108 117 97 115 95 108 97 110 116 97 105 96 32 100 101 99 105 109 97 108 40 49 48 44 50 41 32 68 69 70 65 85 76 84 32 78 85 76 76 44 10 32 32 96 98 97 104 97 110 95 108 97 110 116 97 105 96 32 98 105 103 105 110 116 32 68 69 70 65 85 76 84 32 78 85 76 76 44 10 32 32 96 107 111 110 100 105 115 105 95 108 97 110 116 97 105 96 32 98 105 103 105 110 116 32 68 69 70 65 85 76 84 32 78 85 76 76 44 10 32 32 96 98 97 104 97 110 95 100 105 110 100 105 110 103 96 32 98 105 103 105 110 116 32 68 69 70 65 85 76 84 32 78 85 76 76 44 10 32 32 96 107 111 110 100 105 115 105 95 100 105 110 100 105 110 103 96 32 98 105 103 105 110 116 32 68 69 70 65 85 76 84 32 78 85 76 76 44 10 32 32 96 98 97 104 97 110 95 97 116 97 112 96 32 98 105 103 105 110 116 32 68 69 70 65 85 76 84 32 78 85 76 76 44 10 32 32 96 107 111 110 100 105 115 105 95 97 116 97 112 96 32 98 105 103 105 110 116 32 68 69 70 65 85 76 84 32 78 85 76 76 44 10 32 32 96 102 97 115 105 108 105 116 97 115 95 98 97 98 96 32 98 105 103 105 110 116 32 68 69 70 65 85 76 84 32 78 85 76 76 44 10 32 32 96 106 101 110 105 115 95 107 108 111 115 101 116 96 32 98 105 103 105 110 116 32 68 69 70 65 85 76 84 32 78 85 76 76 44 10 32 32 96 116 101 109 112 97 116 95 97 107 104 105 114 95 116 105 110 106 97 96 32 98 105 103 105 110 116 32 68 69 70 65 85 76 84 32 78 85 76 76 44 10 32 32 96 115 117 109 98 101 114 95 97 105 114 95 109 105 110 117 109 96 32 98 105 103 105 110 116 32 68 69 70 65 85 76 84 32 78 85 76 76 44 10 32 32 96 115 117 109 98 101 114 95 112 101 110 101 114 97 110 103 97 110 96 32 98 105 103 105 110 116 32 68 69 70 65 85 76 84 32 78 85 76 76 44 10 32 32 96 106 117 109 108 97 104 95 109 101 116 101 114 97 110 96 32 98 105 103 105 110 116 32 68 69 70 65 85 76 84 32 78 85 76 76 44 10 32 32 96 100 97 121 97 95 108 105 115 116 114 105 107 96 32 98 105 103 105 110 116 32 68 69 70 65 85 76 84 32 78 85 76 76 44 10 32 32 96 105 100 95 112 101 108 97 110 103 103 97 110 95 112 108 110 96 32 108 111 110 103 116 101 120 116 44 10 32 32 96 110 111 95 109 101 116 101 114 97 110 96 32 108 111 110 103 116 101 120 116 44 10 32 32 96 112 101 110 103 101 108 117 97 114 97 110 95 108 105 115 116 114 105 107 96 32 100 101 99 105 109 97 108 40 49 53 44 50 41 32 68 69 70 65 85 76 84 32 78 85 76 76 44 10 32 32 96 112 101 110 103 101 108 117 97 114 97 110 95 112 117 108 115 97 96 32 100 101 99 105 109 97 108 40 49 53 44 50 41 32 68 69 70 65 85 76 84 32 78 85 76 76 44 10 32 32 96 112 101 110 103 101 108 117 97 114 97 110 95 109 97 107 97 110 95 109 105 110 103 103 117 96 32 100 101 99 105 109 97 108 40 49 53 44 50 41 32 68 69 70 65 85 76 84 32 78 85 76 76 44 10 32 32 96 112 101 110 103 101 108 117 97 114 97 110 95 110 111 110 95 109 97 107 97 110 95 98 117 108 97 110 96 32 100 101 99 105 109 97 108 40 49 53 44 50 41 32 68 69 70 65 85 76 84 32 78 85 76 76 44 10 32 32 96 112 101 110 103 101 108 117 97 114 97 110 95 110 111 110 95 109 97 107 97 110 95 116 97 104 117 110 96 32 100 101 99 105 109 97 108 40 49 53 44 50 41 32 68 69 70 65 85 76 84 32 78 85 76 76 44 10 32 32 96 116 97 98 117 110 103 95 103 97 115 51 107 103 96 32 98 105 103 105 110 116 32 68 69 70 65 85 76 84 32 78 85 76 76 44 10 32 32 96 116 97 98 117 110 103 95 103 97 115 53 107 103 96 32 98 105 103 105 110 116 32 68 69 70 65 85 76 84 32 78 85 76 76 44 10 32 32 96 108 101 109 97 114 105 95 101 115 96 32 98 105 103 105 110 116 32 68 69 70 65 85 76 84 32 78 85 76 76 44 10 32 32 96 97 99 96 32 98 105 103 105 110 116 32 68 69 70 65 85 76 84 32 78 85 76 76 44 10 32 32 96 101 109 97 115 95 112 101 114 104 105 97 115 97 110 96 32 100 101 99 105 109 97 108 40 49 48 44 50 41 32 68 69 70 65 85 76 84 32 78 85 76 76 44 10 32 32 96 107 111 109 112 117 116 101 114 96 32 98 105 103 105 110 116 32 68 69 70 65 85 76 84 32 78 85 76 76 44 10 32 32 96 115 101 112 101 100 97 95 109 111 116 111 114 96 32 98 105 103 105 110 116 32 68 69 70 65 85 76 84 32 78 85 76 76 44 10 32 32 96 110 105 108 97 105 95 115 101 112 101 100 97 95 109 111 116 111 114 96 32 100 101 99 105 109 97 108 40 49 53 44 50 41 32 68 69 70 65 85 76 84 32 78 85 76 76 44 10 32 32 96 109 111 98 105 108 96 32 98 105 103 105 110 116 32 68 69 70 65 85 76 84 32 78 85 76 76 44 10 32 32 96 110 105 108 97 105 95 109 111 98 105 108 96 32 100 101 99 105 109 97 108 40 49 53 44 50 41 32 68 69 70 65 85 76 84 32 78 85 76 76 44 10 32 32 96 106 117 109 108 97 104 95 116 97 110 97 104 95 108 97 105 110 96 32 98 105 103 105 110 116 32 68 69 70 65 85 76 84 32 78 85 76 76 44 10 32 32 96 110 105 108 97 105 95 116 97 110 97 104 95 108 97 105 110 96 32 100 101 99 105 109 97 108 40 49 53 44 50 41 32 68 69 70 65 85 76 84 32 78 85 76 76 44 10 32 32 96 106 117 109 108 97 104 95 114 117 109 97 104 95 108 97 105 110 96 32 98 105 103 105 110 116 32 68 69 70 65 85 76 84 32 78 85 76 76 44 10 32 32 96 110 105 108 97 105 95 114 117 109 97 104 95 108 97 105 110 96 32 100 101 99 105 109 97 108 40 49 53 44 50 41 32 68 69 70 65 85 76 84 32 78 85 76 76 44 10 32 32 96 99 97 116 97 116 97 110 96 32 116 101 120 116 44 10 32 32 96 110 97 109 97 95 112 112 108 96 32 108 111 110 103 116 101 120 116 44 10 32 32 96 110 95 105 112 95 110 109 115 96 32 108 111 110 103 116 101 120 116 44 10 32 32 96 110 111 109 111 114 95 104 112 112 112 108 96 32 108 111 110 103 116 101 120 116 44 10 32 32 96 101 109 97 105 108 95 112 112 108 96 32 108 111 110 103 116 101 120 116 44 10 32 32 96 116 97 110 103 103 97 108 95 112 101 108 97 107 115 97 110 97 97 110 96 32 108 111 110 103 116 101 120 116 44 10 32 32 96 116 97 110 100 97 95 116 97 110 103 97 110 96 32 116 105 110 121 105 110 116 40 49 41 32 68 69 70 65 85 76 84 32 78 85 76 76 44 10 32 32 96 98 49 114 49 52 96 32 98 105 103 105 110 116 32 68 69 70 65 85 76 84 32 78 85 76 76 44 10 32 32 80 82 73 77 65 82 89 32 75 69 89 32 40 96 105 100 96 41 44 10 32 32 85 78 73 81 85 69 32 75 69 89 32 96 117 110 105 95 112 101 110 100 97 116 97 97 110 95 109 97 104 97 115 105 115 119 97 115 95 101 109 97 105 108 96 32 40 96 101 109 97 105 108 96 41 44 10 32 32 85 78 73 81 85 69 32 75 69 89 32 96 117 110 105 95 112 101 110 100 97 116 97 97 110 95 109 97 104 97 115 105 115 119 97 115 95 110 105 107 96 32 40 96 110 105 107 96 41 44 10 32 32 75 69 89 32 96 105 100 120 95 112 101 110 100 97 116 97 97 110 95 109 97 104 97 115 105 115 119 97 115 95 101 109 97 105 108 96 32 40 96 101 109 97 105 108 96 41 44 10 32 32 75 69 89 32 96 105 100 120 95 112 101 110 100 97 116 97 97 110 95 109 97 104 97 115 105 115 119 97 115 95 110 105 107 96 32 40 96 110 105 107 96 41 44 10 32 32 75 69 89 32 96 105 100 120 95 112 101 110 100 97 116 97 97 110 95 109 97 104 97 115 105 115 119 97 115 95 100 101 108 101 116 101 100 95 97 116 96 32 40 96 100 101 108 101 116 101 100 95 97 116 96 41 10 41 32 69 78 71 73 78 69 61 73 110 110 111 68 66 32 65 85 84 79 95 73 78 67 82 69 77 69 78 84 61 52 32 68 69 70 65 85 76 84 32 67 72 65 82 83 69 84 61 117 116 102 56 109 98 51]


2026/09/22 18:08:52 [32mD:/Pekerjaan BPS1200/Tim Inovasi/Website/prangibar-go/cmd/showfk/main.go:23
[0m[33m[2.682ms] [34;1m[rows:-][0m SHOW CREATE TABLE `pendataan_umkms`
===== pendataan_umkms =====
[67 82 69 65 84 69 32 84 65 66 76 69 32 96 112 101 110 100 97 116 97 97 110 95 117 109 107 109 115 96 32 40 10 32 32 96 105 100 96 32 98 105 103 105 110 116 32 117 110 115 105 103 110 101 100 32 78 79 84 32 78 85 76 76 32 65 85 84 79 95 73 78 67 82 69 77 69 78 84 44 10 32 32 96 112 101 114 117 115 97 104 97 97 110 95 105 100 96 32 98 105 103 105 110 116 32 117 110 115 105 103 110 101 100 32 78 79 84 32 78 85 76 76 44 10 32 32 96 98 49 95 114 49 96 32 118 97 114 99 104 97 114 40 50 41 32 68 69 70 65 85 76 84 32 78 85 76 76 44 10 32 32 96 98 49 95 114 50 96 32 118 97 114 99 104 97 114 40 52 41 32 68 69 70 65 85 76 84 32 78 85 76 76 44 10 32 32 96 98 49 95 114 51 96 32 118 97 114 99 104 97 114 40 55 41 32 68 69 70 65 85 76 84 32 78 85 76 76 44 10 32 32 96 98 49 95 114 52 96 32 118 97 114 99 104 97 114 40 49 48 41 32 68 69 70 65 85 76 84 32 78 85 76 76 44 10 32 32 96 98 49 95 114 53 96 32 108 111 110 103 116 101 120 116 44 10 32 32 96 98 49 95 114 54 96 32 108 111 110 103 116 101 120 116 44 10 32 32 96 98 49 95 114 55 96 32 108 111 110 103 116 101 120 116 44 10 32 32 96 98 49 95 114 56 95 97 96 32 108 111 110 103 116 101 120 116 44 10 32 32 96 98 49 95 114 56 95 98 96 32 108 111 110 103 116 101 120 116 44 10 32 32 96 98 49 95 114 56 95 99 95 97 108 97 109 97 116 96 32 108 111 110 103 116 101 120 116 44 10 32 32 96 98 49 95 114 56 95 99 114 116 96 32 108 111 110 103 116 101 120 116 44 10 32 32 96 98 49 95 114 56 95 99 114 119 96 32 108 111 110 103 116 101 120 116 44 10 32 32 96 98 49 95 114 56 95 99 95 107 111 100 101 95 112 111 115 96 32 108 111 110 103 116 101 120 116 44 10 32 32 96 98 49 95 114 56 95 99 95 116 101 108 95 107 111 100 101 95 97 114 101 97 96 32 108 111 110 103 116 101 120 116 44 10 32 32 96 98 49 95 114 56 95 99 95 116 101 108 95 110 111 109 111 114 96 32 108 111 110 103 116 101 120 116 44 10 32 32 96 98 49 95 114 56 95 99 95 116 101 108 95 101 107 115 116 101 110 115 105 96 32 108 111 110 103 116 101 120 116 44 10 32 32 96 98 49 95 114 56 95 99 95 101 109 97 105 108 96 32 108 111 110 103 116 101 120 116 44 10 32 32 96 98 49 95 114 56 95 99 95 104 111 109 101 112 97 103 101 96 32 108 111 110 103 116 101 120 116 44 10 32 32 96 98 49 95 114 56 95 99 104 112 96 32 108 111 110 103 116 101 120 116 44 10 32 32 96 98 49 95 114 56 95 100 96 32 98 105 103 105 110 116 32 68 69 70 65 85 76 84 32 78 85 76 76 44 10 32 32 96 98 49 95 114 56 95 101 96 32 108 111 110 103 116 101 120 116 44 10 32 32 96 98 49 95 114 57 95 97 96 32 98 105 103 105 110 116 32 68 69 70 65 85 76 84 32 78 85 76 76 44 10 32 32 96 98 49 95 114 57 95 98 49 96 32 108 111 110 103 116 101 120 116 44 10 32 32 96 98 49 95 114 57 95 98 50 96 32 108 111 110 103 116 101 120 116 44 10 32 32 96 98 49 95 114 57 95 98 51 96 32 108 111 110 103 116 101 120 116 44 10 32 32 96 98 49 95 114 49 48 95 97 96 32 98 105 103 105 110 116 32 68 69 70 65 85 76 84 32 78 85 76 76 44 10 32 32 96 98 49 95 114 49 48 95 98 96 32 108 111 110 103 116 101 120 116 44 10 32 32 96 98 49 95 114 49 48 95 99 96 32 98 105 103 105 110 116 32 68 69 70 65 85 76 84 32 78 85 76 76 44 10 32 32 96 98 49 95 114 49 48 95 99 95 108 97 105 110 110 121 97 96 32 108 111 110 103 116 101 120 116 44 10 32 32 96 98 49 95 114 49 49 95 97 96 32 108 111 110 103 116 101 120 116 44 10 32 32 96 98 49 95 114 49 49 95 98 96 32 98 105 103 105 110 116 32 68 69 70 65 85 76 84 32 78 85 76 76 44 10 32 32 96 98 49 95 114 49 49 95 99 96 32 98 105 103 105 110 116 32 68 69 70 65 85 76 84 32 78 85 76 76 44 10 32 32 96 98 49 95 114 49 49 95 100 96 32 98 105 103 105 110 116 32 68 69 70 65 85 76 84 32 78 85 76 76 44 10 32 32 96 98 49 95 114 49 50 95 97 96 32 108 111 110 103 116 101 120 116 44 10 32 32 96 98 49 95 114 49 50 95 98 96 32 98 105 103 105 110 116 32 68 69 70 65 85 76 84 32 78 85 76 76 44 10 32 32 96 98 49 95 114 49 50 95 99 96 32 98 105 103 105 110 116 32 68 69 70 65 85 76 84 32 78 85 76 76 44 10 32 32 96 98 49 95 114 49 50 95 100 96 32 118 97 114 99 104 97 114 40 49 54 41 32 68 69 70 65 85 76 84 32 78 85 76 76 44 10 32 32 96 98 49 95 114 49 51 95 97 96 32 108 111 110 103 116 101 120 116 44 10 32 32 96 98 49 95 114 49 51 95 98 49 96 32 98 105 103 105 110 116 32 68 69 70 65 85 76 84 32 78 85 76 76 44 10 32 32 96 98 49 95 114 49 51 95 98 50 96 32 98 105 103 105 110 116 32 68 69 70 65 85 76 84 32 78 85 76 76 44 10 32 32 96 98 49 95 114 49 51 95 98 51 96 32 98 105 103 105 110 116 32 68 69 70 65 85 76 84 32 78 85 76 76 44 10 32 32 96 98 49 95 114 49 51 95 98 52 96 32 98 105 103 105 110 116 32 68 69 70 65 85 76 84 32 78 85 76 76 44 10 32 32 96 98 49 95 114 49 51 95 99 96 32 98 105 103 105 110 116 32 68 69 70 65 85 76 84 32 78 85 76 76 44 10 32 32 96 98 49 95 114 49 51 95 100 96 32 108 111 110 103 116 101 120 116 44 10 32 32 96 98 49 95 114 49 51 95 101 96 32 108 111 110 103 116 101 120 116 44 10 32 32 96 98 49 95 114 49 51 95 102 96 32 108 111 110 103 116 101 120 116 44 10 32 32 96 98 49 95 114 49 51 95 103 96 32 118 97 114 99 104 97 114 40 53 41 32 68 69 70 65 85 76 84 32 78 85 76 76 44 10 32 32 96 98 49 95 114 49 51 95 104 96 32 118 97 114 99 104 97 114 40 50 41 32 68 69 70 65 85 76 84 32 78 85 76 76 44 10 32 32 96 98 49 95 114 49 51 95 105 96 32 98 105 103 105 110 116 32 68 69 70 65 85 76 84 32 78 85 76 76 44 10 32 32 96 98 49 95 114 49 52 95 97 96 32 98 105 103 105 110 116 32 68 69 70 65 85 76 84 32 78 85 76 76 44 10 32 32 96 98 49 95 114 49 52 95 98 96 32 98 105 103 105 110 116 32 68 69 70 65 85 76 84 32 78 85 76 76 44 10 32 32 96 98 49 95 114 49 53 95 97 96 32 108 111 110 103 116 101 120 116 44 10 32 32 96 98 49 95 114 49 53 95 98 96 32 108 111 110 103 116 101 120 116 44 10 32 32 96 98 49 95 114 49 53 95 99 96 32 108 111 110 103 116 101 120 116 44 10 32 32 96 98 49 95 114 49 53 95 100 96 32 108 111 110 103 116 101 120 116 44 10 32 32 96 98 49 95 114 49 53 95 101 96 32 108 111 110 103 116 101 120 116 44 10 32 32 96 98 49 95 114 49 53 95 102 96 32 108 111 110 103 116 101 120 116 44 10 32 32 96 98 49 95 114 49 54 95 97 96 32 98 105 103 105 110 116 32 68 69 70 65 85 76 84 32 78 85 76 76 44 10 32 32 96 98 49 95 114 49 54 95 98 49 96 32 98 105 103 105 110 116 32 68 69 70 65 85 76 84 32 78 85 76 76 44 10 32 32 96 98 49 95 114 49 54 95 98 50 96 32 98 105 103 105 110 116 32 68 69 70 65 85 76 84 32 78 85 76 76 44 10 32 32 96 98 49 95 114 49 54 95 98 51 96 32 98 105 103 105 110 116 32 68 69 70 65 85 76 84 32 78 85 76 76 44 10 32 32 96 98 49 95 114 49 54 95 98 52 96 32 98 105 103 105 110 116 32 68 69 70 65 85 76 84 32 78 85 76 76 44 10 32 32 96 98 49 95 114 49 54 95 98 53 96 32 98 105 103 105 110 116 32 68 69 70 65 85 76 84 32 78 85 76 76 44 10 32 32 96 98 49 95 114 49 54 95 98 54 96 32 98 105 103 105 110 116 32 68 69 70 65 85 76 84 32 78 85 76 76 44 10 32 32 96 98 49 95 114 49 54 95 99 96 32 98 105 103 105 110 116 32 68 69 70 65 85 76 84 32 78 85 76 76 44 10 32 32 96 98 49 95 114 49 55 95 97 96 32 98 105 103 105 110 116 32 68 69 70 65 85 76 84 32 78 85 76 76 44 10 32 32 96 98 49 95 114 49 55 95 98 96 32 98 105 103 105 110 116 32 68 69 70 65 85 76 84 32 78 85 76 76 44 10 32 32 96 98 49 95 114 49 56 96 32 98 105 103 105 110 116 32 68 69 70 65 85 76 84 32 78 85 76 76 44 10 32 32 96 98 49 95 114 49 57 95 97 96 32 98 105 103 105 110 116 32 68 69 70 65 85 76 84 32 78 85 76 76 44 10 32 32 96 98 49 95 114 49 57 95 98 96 32 98 105 103 105 110 116 32 68 69 70 65 85 76 84 32 78 85 76 76 44 10 32 32 96 98 49 95 114 49 57 95 99 96 32 98 105 103 105 110 116 32 68 69 70 65 85 76 84 32 78 85 76 76 44 10 32 32 96 98 49 95 114 50 48 95 97 96 32 98 105 103 105 110 116 32 68 69 70 65 85 76 84 32 78 85 76 76 44 10 32 32 96 98 49 95 114 50 48 95 98 96 32 98 105 103 105 110 116 32 68 69 70 65 85 76 84 32 78 85 76 76 44 10 32 32 96 98 49 95 114 50 48 95 99 96 32 98 105 103 105 110 116 32 68 69 70 65 85 76 84 32 78 85 76 76 44 10 32 32 96 98 49 95 114 50 49 96 32 98 105 103 105 110 116 32 68 69 70 65 85 76 84 32 78 85 76 76 44 10 32 32 96 98 49 95 114 50 50 96 32 98 105 103 105 110 116 32 68 69 70 65 85 76 84 32 78 85 76 76 44 10 32 32 96 98 49 95 114 50 51 95 97 96 32 98 105 103 105 110 116 32 68 69 70 65 85 76 84 32 78 85 76 76 44 10 32 32 96 98 49 95 114 50 51 95 98 96 32 98 105 103 105 110 116 32 68 69 70 65 85 76 84 32 78 85 76 76 44 10 32 32 96 98 49 95 114 50 51 95 99 96 32 98 105 103 105 110 116 32 68 69 70 65 85 76 84 32 78 85 76 76 44 10 32 32 96 98 49 95 114 50 52 95 97 49 96 32 98 105 103 105 110 116 32 68 69 70 65 85 76 84 32 78 85 76 76 44 10 32 32 96 98 49 95 114 50 52 95 97 50 96 32 98 105 103 105 110 116 32 68 69 70 65 85 76 84 32 78 85 76 76 44 10 32 32 96 98 49 95 114 50 52 95 98 49 96 32 98 105 103 105 110 116 32 68 69 70 65 85 76 84 32 78 85 76 76 44 10 32 32 96 98 49 95 114 50 52 95 98 50 96 32 98 105 103 105 110 116 32 68 69 70 65 85 76 84 32 78 85 76 76 44 10 32 32 96 98 49 95 114 50 52 95 99 49 96 32 98 105 103 105 110 116 32 68 69 70 65 85 76 84 32 78 85 76 76 44 10 32 32 96 98 49 95 114 50 52 95 99 50 96 32 98 105 103 105 110 116 32 68 69 70 65 85 76 84 32 78 85 76 76 44 10 32 32 96 98 49 95 114 50 53 96 32 98 105 103 105 110 116 32 68 69 70 65 85 76 84 32 78 85 76 76 44 10 32 32 96 98 49 95 114 50 54 95 97 96 32 100 101 99 105 109 97 108 40 50 48 44 48 41 32 68 69 70 65 85 76 84 32 78 85 76 76 44 10 32 32 96 98 49 95 114 50 54 95 98 96 32 100 101 99 105 109 97 108 40 50 48 44 48 41 32 68 69 70 65 85 76 84 32 78 85 76 76 44 10 32 32 96 98 49 95 114 50 54 95 99 96 32 100 101 99 105 109 97 108 40 50 48 44 48 41 32 68 69 70 65 85 76 84 32 78 85 76 76 44 10 32 32 96 98 49 95 114 50 54 95 100 96 32 100 101 99 105 109 97 108 40 50 48 44 48 41 32 68 69 70 65 85 76 84 32 78 85 76 76 44 10 32 32 96 98 49 95 114 50 54 95 101 96 32 100 101 99 105 109 97 108 40 50 48 44 48 41 32 68 69 70 65 85 76 84 32 78 85 76 76 44 10 32 32 96 98 49 95 114 50 54 95 102 96 32 100 101 99 105 109 97 108 40 50 48 44 48 41 32 68 69 70 65 85 76 84 32 78 85 76 76 44 10 32 32 96 98 49 95 114 50 55 95 97 96 32 100 101 99 105 109 97 108 40 50 48 44 48 41 32 68 69 70 65 85 76 84 32 78 85 76 76 44 10 32 32 96 98 49 95 114 50 55 95 98 96 32 100 101 99 105 109 97 108 40 50 48 44 48 41 32 68 69 70 65 85 76 84 32 78 85 76 76 44 10 32 32 96 98 49 95 114 50 55 95 99 96 32 100 101 99 105 109 97 108 40 50 48 44 48 41 32 68 69 70 65 85 76 84 32 78 85 76 76 44 10 32 32 96 98 49 95 114 50 55 95 100 96 32 100 101 99 105 109 97 108 40 53 44 50 41 32 68 69 70 65 85 76 84 32 78 85 76 76 44 10 32 32 96 98 49 95 114 50 56 95 97 96 32 100 101 99 105 109 97 108 40 50 48 44 48 41 32 68 69 70 65 85 76 84 32 78 85 76 76 44 10 32 32 96 98 49 95 114 50 56 95 98 96 32 100 101 99 105 109 97 108 40 50 48 44 48 41 32 68 69 70 65 85 76 84 32 78 85 76 76 44 10 32 32 96 98 49 95 114 50 56 95 99 96 32 100 101 99 105 109 97 108 40 50 48 44 48 41 32 68 69 70 65 85 76 84 32 78 85 76 76 44 10 32 32 96 98 49 95 114 50 56 95 99 49 96 32 98 105 103 105 110 116 32 68 69 70 65 85 76 84 32 78 85 76 76 44 10 32 32 96 98 49 95 114 50 56 95 100 96 32 100 101 99 105 109 97 108 40 49 53 44 50 41 32 68 69 70 65 85 76 84 32 78 85 76 76 44 10 32 32 96 98 49 95 114 50 57 95 97 96 32 100 101 99 105 109 97 108 40 53 44 50 41 32 68 69 70 65 85 76 84 32 78 85 76 76 44 10 32 32 96 98 49 95 114 50 57 95 98 96 32 100 101 99 105 109 97 108 40 53 44 50 41 32 68 69 70 65 85 76 84 32 78 85 76 76 44 10 32 32 96 98 49 95 114 50 57 95 99 96 32 100 101 99 105 109 97 108 40 53 44 50 41 32 68 69 70 65 85 76 84 32 78 85 76 76 44 10 32 32 96 98 49 95 114 50 57 95 100 96 32 100 101 99 105 109 97 108 40 53 44 50 41 32 68 69 70 65 85 76 84 32 78 85 76 76 44 10 32 32 96 98 49 95 114 50 57 95 101 96 32 100 101 99 105 109 97 108 40 53 44 50 41 32 68 69 70 65 85 76 84 32 78 85 76 76 44 10 32 32 96 98 49 95 114 50 57 95 102 96 32 100 101 99 105 109 97 108 40 53 44 50 41 32 68 69 70 65 85 76 84 32 78 85 76 76 44 10 32 32 96 98 49 95 114 50 57 95 103 96 32 100 101 99 105 109 97 108 40 53 44 50 41 32 68 69 70 65 85 76 84 32 78 85 76 76 44 10 32 32 96 98 49 95 114 51 48 95 97 96 32 100 101 99 105 109 97 108 40 50 48 44 48 41 32 68 69 70 65 85 76 84 32 78 85 76 76 44 10 32 32 96 98 49 95 114 51 48 95 98 96 32 100 101 99 105 109 97 108 40 50 48 44 48 41 32 68 69 70 65 85 76 84 32 78 85 76 76 44 10 32 32 96 98 49 95 114 51 48 95 99 96 32 100 101 99 105 109 97 108 40 50 48 44 48 41 32 68 69 70 65 85 76 84 32 78 85 76 76 44 10 32 32 96 98 49 95 114 51 48 95 100 96 32 100 101 99 105 109 97 108 40 50 48 44 48 41 32 68 69 70 65 85 76 84 32 78 85 76 76 44 10 32 32 96 98 49 95 114 51 48 95 101 96 32 100 101 99 105 109 97 108 40 50 48 44 48 41 32 68 69 70 65 85 76 84 32 78 85 76 76 44 10 32 32 96 98 49 95 114 51 48 95 102 96 32 100 101 99 105 109 97 108 40 50 48 44 48 41 32 68 69 70 65 85 76 84 32 78 85 76 76 44 10 32 32 96 98 49 95 114 51 49 95 97 96 32 100 101 99 105 109 97 108 40 50 48 44 48 41 32 68 69 70 65 85 76 84 32 78 85 76 76 44 10 32 32 96 98 49 95 114 51 49 95 98 96 32 100 101 99 105 109 97 108 40 50 48 44 48 41 32 68 69 70 65 85 76 84 32 78 85 76 76 44 10 32 32 96 98 49 95 114 51 49 95 99 96 32 100 101 99 105 109 97 108 40 50 48 44 48 41 32 68 69 70 65 85 76 84 32 78 85 76 76 44 10 32 32 96 98 49 95 114 51 49 95 100 96 32 100 101 99 105 109 97 108 40 53 44 50 41 32 68 69 70 65 85 76 84 32 78 85 76 76 44 10 32 32 96 98 49 95 114 51 49 95 101 96 32 108 111 110 103 116 101 120 116 44 10 32 32 96 98 49 95 114 51 50 95 97 96 32 100 101 99 105 109 97 108 40 50 48 44 48 41 32 68 69 70 65 85 76 84 32 78 85 76 76 44 10 32 32 96 98 49 95 114 51 50 95 98 96 32 100 101 99 105 109 97 108 40 50 48 44 48 41 32 68 69 70 65 85 76 84 32 78 85 76 76 44 10 32 32 96 98 49 95 114 51 50 95 99 96 32 100 101 99 105 109 97 108 40 50 48 44 48 41 32 68 69 70 65 85 76 84 32 78 85 76 76 44 10 32 32 96 98 49 95 114 51 50 95 99 49 96 32 98 105 103 105 110 116 32 68 69 70 65 85 76 84 32 78 85 76 76 44 10 32 32 96 98 49 95 114 51 50 95 100 96 32 100 101 99 105 109 97 108 40 49 53 44 50 41 32 68 69 70 65 85 76 84 32 78 85 76 76 44 10 32 32 96 98 49 95 114 51 51 95 97 96 32 100 101 99 105 109 97 108 40 53 44 50 41 32 68 69 70 65 85 76 84 32 78 85 76 76 44 10 32 32 96 98 49 95 114 51 51 95 98 96 32 100 101 99 105 109 97 108 40 53 44 50 41 32 68 69 70 65 85 76 84 32 78 85 76 76 44 10 32 32 96 98 49 95 114 51 51 95 99 96 32 100 101 99 105 109 97 108 40 53 44 50 41 32 68 69 70 65 85 76 84 32 78 85 76 76 44 10 32 32 96 98 49 95 114 51 51 95 100 96 32 100 101 99 105 109 97 108 40 53 44 50 41 32 68 69 70 65 85 76 84 32 78 85 76 76 44 10 32 32 96 98 49 95 114 51 51 95 101 96 32 100 101 99 105 109 97 108 40 53 44 50 41 32 68 69 70 65 85 76 84 32 78 85 76 76 44 10 32 32 96 98 49 95 114 51 51 95 102 96 32 100 101 99 105 109 97 108 40 53 44 50 41 32 68 69 70 65 85 76 84 32 78 85 76 76 44 10 32 32 96 98 49 95 114 51 51 95 103 96 32 100 101 99 105 109 97 108 40 53 44 50 41 32 68 69 70 65 85 76 84 32 78 85 76 76 44 10 32 32 96 98 50 95 99 97 116 97 116 97 110 96 32 116 101 120 116 44 10 32 32 96 98 51 95 114 49 96 32 118 97 114 99 104 97 114 40 49 48 48 41 32 68 69 70 65 85 76 84 32 78 85 76 76 44 10 32 32 96 98 51 95 114 51 96 32 118 97 114 99 104 97 114 40 50 48 41 32 68 69 70 65 85 76 84 32 78 85 76 76 44 10 32 32 96 98 51 95 114 52 96 32 118 97 114 99 104 97 114 40 49 48 48 41 32 68 69 70 65 85 76 84 32 78 85 76 76 44 10 32 32 96 99 97 116 97 116 97 110 95 110 103 105 98 97 114 96 32 116 101 120 116 44 10 32 32 96 116 97 110 103 103 97 108 95 112 101 108 97 107 115 97 110 97 97 110 96 32 100 97 116 101 116 105 109 101 40 51 41 32 68 69 70 65 85 76 84 32 78 85 76 76 44 10 32 32 96 116 116 100 96 32 116 105 110 121 105 110 116 40 49 41 32 68 69 70 65 85 76 84 32 78 85 76 76 44 10 32 32 96 115 117 98 109 105 116 116 101 100 95 97 116 96 32 100 97 116 101 116 105 109 101 40 51 41 32 68 69 70 65 85 76 84 32 78 85 76 76 44 10 32 32 96 117 112 100 97 116 101 100 95 97 116 96 32 100 97 116 101 116 105 109 101 40 51 41 32 68 69 70 65 85 76 84 32 78 85 76 76 44 10 32 32 80 82 73 77 65 82 89 32 75 69 89 32 40 96 105 100 96 41 44 10 32 32 85 78 73 81 85 69 32 75 69 89 32 96 117 110 105 95 112 101 110 100 97 116 97 97 110 95 117 109 107 109 115 95 112 101 114 117 115 97 104 97 97 110 95 105 100 96 32 40 96 112 101 114 117 115 97 104 97 97 110 95 105 100 96 41 44 10 32 32 67 79 78 83 84 82 65 73 78 84 32 96 102 107 95 112 101 114 117 115 97 104 97 97 110 115 95 112 101 110 100 97 116 97 97 110 95 117 109 107 109 96 32 70 79 82 69 73 71 78 32 75 69 89 32 40 96 112 101 114 117 115 97 104 97 97 110 95 105 100 96 41 32 82 69 70 69 82 69 78 67 69 83 32 96 112 101 114 117 115 97 104 97 97 110 115 96 32 40 96 105 100 96 41 10 41 32 69 78 71 73 78 69 61 73 110 110 111 68 66 32 68 69 70 65 85 76 84 32 67 72 65 82 83 69 84 61 117 116 102 56 109 98 51]


2026/09/22 18:08:52 [32mD:/Pekerjaan BPS1200/Tim Inovasi/Website/prangibar-go/cmd/showfk/main.go:23
[0m[33m[5.016ms] [34;1m[rows:-][0m SHOW CREATE TABLE `pendataans`
===== pendataans =====
[67 82 69 65 84 69 32 84 65 66 76 69 32 96 112 101 110 100 97 116 97 97 110 115 96 32 40 10 32 32 96 105 100 96 32 98 105 103 105 110 116 32 117 110 115 105 103 110 101 100 32 78 79 84 32 78 85 76 76 32 65 85 84 79 95 73 78 67 82 69 77 69 78 84 44 10 32 32 96 112 101 114 117 115 97 104 97 97 110 95 105 100 96 32 98 105 103 105 110 116 32 117 110 115 105 103 110 101 100 32 78 79 84 32 78 85 76 76 44 10 32 32 96 98 49 95 114 49 96 32 118 97 114 99 104 97 114 40 50 41 32 68 69 70 65 85 76 84 32 78 85 76 76 44 10 32 32 96 98 49 95 114 50 96 32 118 97 114 99 104 97 114 40 52 41 32 68 69 70 65 85 76 84 32 78 85 76 76 44 10 32 32 96 98 49 95 114 51 96 32 118 97 114 99 104 97 114 40 55 41 32 68 69 70 65 85 76 84 32 78 85 76 76 44 10 32 32 96 98 49 95 114 52 96 32 118 97 114 99 104 97 114 40 49 48 41 32 68 69 70 65 85 76 84 32 78 85 76 76 44 10 32 32 96 98 49 95 114 53 95 97 96 32 108 111 110 103 116 101 120 116 44 10 32 32 96 98 49 95 114 53 95 98 96 32 108 111 110 103 116 101 120 116 44 10 32 32 96 98 49 95 114 53 95 99 95 97 108 97 109 97 116 96 32 108 111 110 103 116 101 120 116 44 10 32 32 96 98 49 95 114 53 95 99 114 116 96 32 108 111 110 103 116 101 120 116 44 10 32 32 96 98 49 95 114 53 95 99 114 119 96 32 108 111 110 103 116 101 120 116 44 10 32 32 96 98 49 95 114 53 95 99 95 107 111 100 101 95 112 111 115 96 32 108 111 110 103 116 101 120 116 44 10 32 32 96 98 49 95 114 53 95 99 95 116 101 108 95 107 111 100 101 95 97 114 101 97 96 32 108 111 110 103 116 101 120 116 44 10 32 32 96 98 49 95 114 53 95 99 95 116 101 108 95 110 111 109 111 114 96 32 108 111 110 103 116 101 120 116 44 10 32 32 96 98 49 95 114 53 95 99 95 116 101 108 95 101 107 115 116 101 110 115 105 96 32 108 111 110 103 116 101 120 116 44 10 32 32 96 98 49 95 114 53 95 99 95 101 109 97 105 108 96 32 108 111 110 103 116 101 120 116 44 10 32 32 96 98 49 95 114 53 95 99 95 104 111 109 101 112 97 103 101 96 32 108 111 110 103 116 101 120 116 44 10 32 32 96 98 49 95 114 53 95 99 104 112 96 32 108 111 110 103 116 101 120 116 44 10 32 32 96 98 49 95 114 53 95 100 96 32 98 105 103 105 110 116 32 68 69 70 65 85 76 84 32 78 85 76 76 44 10 32 32 96 98 49 95 114 53 95 101 96 32 108 111 110 103 116 101 120 116 44 10 32 32 96 98 49 95 114 54 95 97 96 32 98 105 103 105 110 116 32 68 69 70 65 85 76 84 32 78 85 76 76 44 10 32 32 96 98 49 95 114 54 95 98 96 32 108 111 110 103 116 101 120 116 44 10 32 32 96 98 49 95 114 54 95 99 96 32 98 105 103 105 110 116 32 68 69 70 65 85 76 84 32 78 85 76 76 44 10 32 32 96 98 49 95 114 54 95 99 95 108 97 105 110 110 121 97 96 32 108 111 110 103 116 101 120 116 44 10 32 32 96 98 49 95 114 55 95 97 96 32 98 105 103 105 110 116 32 68 69 70 65 85 76 84 32 78 85 76 76 44 10 32 32 96 98 49 95 114 55 95 98 96 32 98 105 103 105 110 116 32 68 69 70 65 85 76 84 32 78 85 76 76 44 10 32 32 96 98 49 95 114 55 95 99 96 32 98 105 103 105 110 116 32 68 69 70 65 85 76 84 32 78 85 76 76 44 10 32 32 96 98 49 95 114 55 95 100 96 32 98 105 103 105 110 116 32 68 69 70 65 85 76 84 32 78 85 76 76 44 10 32 32 96 98 49 95 114 56 95 97 96 32 108 111 110 103 116 101 120 116 44 10 32 32 96 98 49 95 114 56 95 98 96 32 98 105 103 105 110 116 32 68 69 70 65 85 76 84 32 78 85 76 76 44 10 32 32 96 98 49 95 114 56 95 99 96 32 98 105 103 105 110 116 32 68 69 70 65 85 76 84 32 78 85 76 76 44 10 32 32 96 98 49 95 114 56 95 100 96 32 108 111 110 103 116 101 120 116 44 10 32 32 96 98 49 95 114 57 95 97 96 32 108 111 110 103 116 101 120 116 44 10 32 32 96 98 49 95 114 57 95 98 49 96 32 98 105 103 105 110 116 32 68 69 70 65 85 76 84 32 78 85 76 76 44 10 32 32 96 98 49 95 114 57 95 98 50 96 32 98 105 103 105 110 116 32 68 69 70 65 85 76 84 32 78 85 76 76 44 10 32 32 96 98 49 95 114 57 95 98 51 96 32 98 105 103 105 110 116 32 68 69 70 65 85 76 84 32 78 85 76 76 44 10 32 32 96 98 49 95 114 57 95 98 52 96 32 98 105 103 105 110 116 32 68 69 70 65 85 76 84 32 78 85 76 76 44 10 32 32 96 98 49 95 114 57 95 99 96 32 98 105 103 105 110 116 32 68 69 70 65 85 76 84 32 78 85 76 76 44 10 32 32 96 98 49 95 114 57 95 100 96 32 108 111 110 103 116 101 120 116 44 10 32 32 96 98 49 95 114 57 95 101 96 32 108 111 110 103 116 101 120 116 44 10 32 32 96 98 49 95 114 57 95 102 96 32 108 111 110 103 116 101 120 116 44 10 32 32 96 98 49 95 114 57 95 103 96 32 108 111 110 103 116 101 120 116 44 10 32 32 96 98 49 95 114 57 95 104 96 32 108 111 110 103 116 101 120 116 44 10 32 32 96 98 49 95 114 57 95 105 96 32 98 105 103 105 110 116 32 68 69 70 65 85 76 84 32 78 85 76 76 44 10 32 32 96 98 49 95 114 49 48 95 97 96 32 98 105 103 105 110 116 32 68 69 70 65 85 76 84 32 78 85 76 76 44 10 32 32 96 98 49 95 114 49 48 95 98 96 32 98 105 103 105 110 116 32 68 69 70 65 85 76 84 32 78 85 76 76 44 10 32 32 96 98 49 95 114 49 49 95 97 96 32 108 111 110 103 116 101 120 116 44 10 32 32 96 98 49 95 114 49 49 95 98 96 32 108 111 110 103 116 101 120 116 44 10 32 32 96 98 49 95 114 49 49 95 99 96 32 108 111 110 103 116 101 120 116 44 10 32 32 96 98 49 95 114 49 49 95 100 96 32 108 111 110 103 116 101 120 116 44 10 32 32 96 98 49 95 114 49 49 95 101 96 32 108 111 110 103 116 101 120 116 44 10 32 32 96 98 49 95 114 49 49 95 102 96 32 108 111 110 103 116 101 120 116 44 10 32 32 96 98 49 95 114 49 50 95 97 96 32 98 105 103 105 110 116 32 68 69 70 65 85 76 84 32 78 85 76 76 44 10 32 32 96 98 49 95 114 49 50 95 98 49 96 32 98 105 103 105 110 116 32 68 69 70 65 85 76 84 32 78 85 76 76 44 10 32 32 96 98 49 95 114 49 50 95 98 50 96 32 98 105 103 105 110 116 32 68 69 70 65 85 76 84 32 78 85 76 76 44 10 32 32 96 98 49 95 114 49 50 95 98 51 96 32 98 105 103 105 110 116 32 68 69 70 65 85 76 84 32 78 85 76 76 44 10 32 32 96 98 49 95 114 49 50 95 98 52 96 32 98 105 103 105 110 116 32 68 69 70 65 85 76 84 32 78 85 76 76 44 10 32 32 96 98 49 95 114 49 50 95 98 53 96 32 98 105 103 105 110 116 32 68 69 70 65 85 76 84 32 78 85 76 76 44 10 32 32 96 98 49 95 114 49 50 95 98 54 96 32 98 105 103 105 110 116 32 68 69 70 65 85 76 84 32 78 85 76 76 44 10 32 32 96 98 49 95 114 49 50 95 99 96 32 98 105 103 105 110 116 32 68 69 70 65 85 76 84 32 78 85 76 76 44 10 32 32 96 98 49 95 114 49 51 95 97 96 32 98 105 103 105 110 116 32 68 69 70 65 85 76 84 32 78 85 76 76 44 10 32 32 96 98 49 95 114 49 51 95 98 96 32 98 105 103 105 110 116 32 68 69 70 65 85 76 84 32 78 85 76 76 44 10 32 32 96 98 49 95 114 49 52 96 32 98 105 103 105 110 116 32 68 69 70 65 85 76 84 32 78 85 76 76 44 10 32 32 96 98 49 95 114 49 53 95 97 96 32 98 105 103 105 110 116 32 68 69 70 65 85 76 84 32 78 85 76 76 44 10 32 32 96 98 49 95 114 49 53 95 98 96 32 98 105 103 105 110 116 32 68 69 70 65 85 76 84 32 78 85 76 76 44 10 32 32 96 98 49 95 114 49 53 95 99 96 32 98 105 103 105 110 116 32 68 69 70 65 85 76 84 32 78 85 76 76 44 10 32 32 96 98 49 95 114 49 54 95 97 96 32 98 105 103 105 110 116 32 68 69 70 65 85 76 84 32 78 85 76 76 44 10 32 32 96 98 49 95 114 49 54 95 98 96 32 98 105 103 105 110 116 32 68 69 70 65 85 76 84 32 78 85 76 76 44 10 32 32 96 98 49 95 114 49 54 95 99 96 32 98 105 103 105 110 116 32 68 69 70 65 85 76 84 32 78 85 76 76 44 10 32 32 96 98 49 95 114 49 55 96 32 98 105 103 105 110 116 32 68 69 70 65 85 76 84 32 78 85 76 76 44 10 32 32 96 98 49 95 114 49 56 96 32 98 105 103 105 110 116 32 68 69 70 65 85 76 84 32 78 85 76 76 44 10 32 32 96 98 49 95 114 49 57 95 97 96 32 98 105 103 105 110 116 32 68 69 70 65 85 76 84 32 78 85 76 76 44 10 32 32 96 98 49 95 114 49 57 95 98 96 32 98 105 103 105 110 116 32 68 69 70 65 85 76 84 32 78 85 76 76 44 10 32 32 96 98 49 95 114 50 48 95 97 96 32 98 105 103 105 110 116 32 68 69 70 65 85 76 84 32 78 85 76 76 44 10 32 32 96 98 49 95 114 50 48 95 98 96 32 98 105 103 105 110 116 32 68 69 70 65 85 76 84 32 78 85 76 76 44 10 32 32 96 98 49 95 114 50 48 95 99 96 32 98 105 103 105 110 116 32 68 69 70 65 85 76 84 32 78 85 76 76 44 10 32 32 96 98 49 95 114 50 49 96 32 98 105 103 105 110 116 32 68 69 70 65 85 76 84 32 78 85 76 76 44 10 32 32 96 98 49 95 114 50 50 95 97 96 32 100 101 99 105 109 97 108 40 50 48 44 48 41 32 68 69 70 65 85 76 84 32 78 85 76 76 44 10 32 32 96 98 49 95 114 50 50 95 98 96 32 100 101 99 105 109 97 108 40 50 48 44 48 41 32 68 69 70 65 85 76 84 32 78 85 76 76 44 10 32 32 96 98 49 95 114 50 50 95 99 96 32 100 101 99 105 109 97 108 40 50 48 44 48 41 32 68 69 70 65 85 76 84 32 78 85 76 76 44 10 32 32 96 98 49 95 114 50 50 95 100 96 32 100 101 99 105 109 97 108 40 50 48 44 48 41 32 68 69 70 65 85 76 84 32 78 85 76 76 44 10 32 32 96 98 49 95 114 50 50 95 101 96 32 100 101 99 105 109 97 108 40 50 48 44 48 41 32 68 69 70 65 85 76 84 32 78 85 76 76 44 10 32 32 96 98 49 95 114 50 50 95 102 96 32 100 101 99 105 109 97 108 40 50 48 44 48 41 32 68 69 70 65 85 76 84 32 78 85 76 76 44 10 32 32 96 98 49 95 114 50 51 95 97 96 32 100 101 99 105 109 97 108 40 50 48 44 48 41 32 68 69 70 65 85 76 84 32 78 85 76 76 44 10 32 32 96 98 49 95 114 50 51 95 98 96 32 100 101 99 105 109 97 108 40 50 48 44 48 41 32 68 69 70 65 85 76 84 32 78 85 76 76 44 10 32 32 96 98 49 95 114 50 51 95 99 96 32 100 101 99 105 109 97 108 40 50 48 44 48 41 32 68 69 70 65 85 76 84 32 78 85 76 76 44 10 32 32 96 98 49 95 114 50 51 95 100 96 32 100 101 99 105 109 97 108 40 53 44 50 41 32 68 69 70 65 85 76 84 32 78 85 76 76 44 10 32 32 96 98 49 95 114 50 52 95 97 96 32 100 101 99 105 109 97 108 40 50 48 44 48 41 32 68 69 70 65 85 76 84 32 78 85 76 76 44 10 32 32 96 98 49 95 114 50 52 95 98 96 32 100 101 99 105 109 97 108 40 50 48 44 48 41 32 68 69 70 65 85 76 84 32 78 85 76 76 44 10 32 32 96 98 49 95 114 50 52 95 99 96 32 100 101 99 105 109 97 108 40 50 48 44 48 41 32 68 69 70 65 85 76 84 32 78 85 76 76 44 10 32 32 96 98 49 95 114 50 52 95 99 49 96 32 98 105 103 105 110 116 32 68 69 70 65 85 76 84 32 78 85 76 76 44 10 32 32 96 98 49 95 114 50 52 95 100 96 32 100 101 99 105 109 97 108 40 49 53 44 50 41 32 68 69 70 65 85 76 84 32 78 85 76 76 44 10 32 32 96 98 49 95 114 50 53 95 97 96 32 100 101 99 105 109 97 108 40 53 44 50 41 32 68 69 70 65 85 76 84 32 78 85 76 76 44 10 32 32 96 98 49 95 114 50 53 95 98 96 32 100 101 99 105 109 97 108 40 53 44 50 41 32 68 69 70 65 85 76 84 32 78 85 76 76 44 10 32 32 96 98 49 95 114 50 53 95 99 96 32 100 101 99 105 109 97 108 40 53 44 50 41 32 68 69 70 65 85 76 84 32 78 85 76 76 44 10 32 32 96 98 49 95 114 50 53 95 100 96 32 100 101 99 105 109 97 108 40 53 44 50 41 32 68 69 70 65 85 76 84 32 78 85 76 76 44 10 32 32 96 98 49 95 114 50 53 95 101 96 32 100 101 99 105 109 97 108 40 53 44 50 41 32 68 69 70 65 85 76 84 32 78 85 76 76 44 10 32 32 96 98 49 95 114 50 53 95 102 96 32 100 101 99 105 109 97 108 40 53 44 50 41 32 68 69 70 65 85 76 84 32 78 85 76 76 44 10 32 32 96 98 49 95 114 50 53 95 103 96 32 100 101 99 105 109 97 108 40 53 44 50 41 32 68 69 70 65 85 76 84 32 78 85 76 76 44 10 32 32 96 98 50 95 99 97 116 97 116 97 110 96 32 116 101 120 116 44 10 32 32 96 98 51 95 114 49 96 32 118 97 114 99 104 97 114 40 49 48 48 41 32 68 69 70 65 85 76 84 32 78 85 76 76 44 10 32 32 96 98 51 95 114 51 96 32 118 97 114 99 104 97 114 40 50 48 41 32 68 69 70 65 85 76 84 32 78 85 76 76 44 10 32 32 96 98 51 95 114 52 96 32 118 97 114 99 104 97 114 40 49 48 48 41 32 68 69 70 65 85 76 84 32 78 85 76 76 44 10 32 32 96 99 97 116 97 116 97 110 95 110 103 105 98 97 114 96 32 116 101 120 116 44 10 32 32 96 116 97 110 103 103 97 108 95 112 101 108 97 107 115 97 110 97 97 110 96 32 100 97 116 101 116 105 109 101 40 51 41 32 68 69 70 65 85 76 84 32 78 85 76 76 44 10 32 32 96 116 116 100 96 32 116 105 110 121 105 110 116 40 49 41 32 68 69 70 65 85 76 84 32 78 85 76 76 44 10 32 32 96 115 117 98 109 105 116 116 101 100 95 97 116 96 32 100 97 116 101 116 105 109 101 40 51 41 32 68 69 70 65 85 76 84 32 78 85 76 76 44 10 32 32 96 117 112 100 97 116 101 100 95 97 116 96 32 100 97 116 101 116 105 109 101 40 51 41 32 68 69 70 65 85 76 84 32 78 85 76 76 44 10 32 32 80 82 73 77 65 82 89 32 75 69 89 32 40 96 105 100 96 41 44 10 32 32 85 78 73 81 85 69 32 75 69 89 32 96 117 110 105 95 112 101 110 100 97 116 97 97 110 115 95 112 101 114 117 115 97 104 97 97 110 95 105 100 96 32 40 96 112 101 114 117 115 97 104 97 97 110 95 105 100 96 41 44 10 32 32 67 79 78 83 84 82 65 73 78 84 32 96 102 107 95 112 101 114 117 115 97 104 97 97 110 115 95 112 101 110 100 97 116 97 97 110 96 32 70 79 82 69 73 71 78 32 75 69 89 32 40 96 112 101 114 117 115 97 104 97 97 110 95 105 100 96 41 32 82 69 70 69 82 69 78 67 69 83 32 96 112 101 114 117 115 97 104 97 97 110 115 96 32 40 96 105 100 96 41 10 41 32 69 78 71 73 78 69 61 73 110 110 111 68 66 32 68 69 70 65 85 76 84 32 67 72 65 82 83 69 84 61 117 116 102 56 109 98 51]


2026/09/22 18:08:52 [32mD:/Pekerjaan BPS1200/Tim Inovasi/Website/prangibar-go/cmd/showfk/main.go:23
[0m[33m[3.627ms] [34;1m[rows:-][0m SHOW CREATE TABLE `pendataanumkm`
===== pendataanumkm =====
[67 82 69 65 84 69 32 84 65 66 76 69 32 96 112 101 110 100 97 116 97 97 110 117 109 107 109 96 32 40 10 32 32 96 105 100 96 32 105 110 116 32 78 79 84 32 78 85 76 76 32 65 85 84 79 95 73 78 67 82 69 77 69 78 84 44 10 32 32 96 112 101 114 117 115 97 104 97 97 110 73 100 96 32 105 110 116 32 78 79 84 32 78 85 76 76 44 10 32 32 96 98 49 114 49 96 32 118 97 114 99 104 97 114 40 50 41 32 67 79 76 76 65 84 69 32 117 116 102 56 109 98 52 95 117 110 105 99 111 100 101 95 99 105 32 68 69 70 65 85 76 84 32 78 85 76 76 44 10 32 32 96 98 49 114 50 96 32 118 97 114 99 104 97 114 40 52 41 32 67 79 76 76 65 84 69 32 117 116 102 56 109 98 52 95 117 110 105 99 111 100 101 95 99 105 32 68 69 70 65 85 76 84 32 78 85 76 76 44 10 32 32 96 98 49 114 51 96 32 118 97 114 99 104 97 114 40 55 41 32 67 79 76 76 65 84 69 32 117 116 102 56 109 98 52 95 117 110 105 99 111 100 101 95 99 105 32 68 69 70 65 85 76 84 32 78 85 76 76 44 10 32 32 96 98 49 114 52 96 32 118 97 114 99 104 97 114 40 49 48 41 32 67 79 76 76 65 84 69 32 117 116 102 56 109 98 52 95 117 110 105 99 111 100 101 95 99 105 32 68 69 70 65 85 76 84 32 78 85 76 76 44 10 32 32 96 98 49 114 53 96 32 118 97 114 99 104 97 114 40 49 57 49 41 32 67 79 76 76 65 84 69 32 117 116 102 56 109 98 52 95 117 110 105 99 111 100 101 95 99 105 32 68 69 70 65 85 76 84 32 78 85 76 76 44 10 32 32 96 98 49 114 54 96 32 118 97 114 99 104 97 114 40 49 57 49 41 32 67 79 76 76 65 84 69 32 117 116 102 56 109 98 52 95 117 110 105 99 111 100 101 95 99 105 32 68 69 70 65 85 76 84 32 78 85 76 76 44 10 32 32 96 98 49 114 55 96 32 118 97 114 99 104 97 114 40 49 57 49 41 32 67 79 76 76 65 84 69 32 117 116 102 56 109 98 52 95 117 110 105 99 111 100 101 95 99 105 32 68 69 70 65 85 76 84 32 78 85 76 76 44 10 32 32 96 98 49 114 56 97 96 32 118 97 114 99 104 97 114 40 49 57 49 41 32 67 79 76 76 65 84 69 32 117 116 102 56 109 98 52 95 117 110 105 99 111 100 101 95 99 105 32 68 69 70 65 85 76 84 32 78 85 76 76 44 10 32 32 96 98 49 114 56 98 96 32 118 97 114 99 104 97 114 40 49 57 49 41 32 67 79 76 76 65 84 69 32 117 116 102 56 109 98 52 95 117 110 105 99 111 100 101 95 99 105 32 68 69 70 65 85 76 84 32 78 85 76 76 44 10 32 32 96 98 49 114 56 99 65 108 97 109 97 116 96 32 118 97 114 99 104 97 114 40 49 57 49 41 32 67 79 76 76 65 84 69 32 117 116 102 56 109 98 52 95 117 110 105 99 111 100 101 95 99 105 32 68 69 70 65 85 76 84 32 78 85 76 76 44 10 32 32 96 98 49 114 56 99 82 116 96 32 118 97 114 99 104 97 114 40 49 57 49 41 32 67 79 76 76 65 84 69 32 117 116 102 56 109 98 52 95 117 110 105 99 111 100 101 95 99 105 32 68 69 70 65 85 76 84 32 78 85 76 76 44 10 32 32 96 98 49 114 56 99 82 119 96 32 118 97 114 99 104 97 114 40 49 57 49 41 32 67 79 76 76 65 84 69 32 117 116 102 56 109 98 52 95 117 110 105 99 111 100 101 95 99 105 32 68 69 70 65 85 76 84 32 78 85 76 76 44 10 32 32 96 98 49 114 56 99 75 111 100 101 80 111 115 96 32 118 97 114 99 104 97 114 40 49 57 49 41 32 67 79 76 76 65 84 69 32 117 116 102 56 109 98 52 95 117 110 105 99 111 100 101 95 99 105 32 68 69 70 65 85 76 84 32 78 85 76 76 44 10 32 32 96 98 49 114 56 99 84 101 108 75 111 100 101 65 114 101 97 96 32 118 97 114 99 104 97 114 40 49 57 49 41 32 67 79 76 76 65 84 69 32 117 116 102 56 109 98 52 95 117 110 105 99 111 100 101 95 99 105 32 68 69 70 65 85 76 84 32 78 85 76 76 44 10 32 32 96 98 49 114 56 99 84 101 108 78 111 109 111 114 96 32 118 97 114 99 104 97 114 40 49 57 49 41 32 67 79 76 76 65 84 69 32 117 116 102 56 109 98 52 95 117 110 105 99 111 100 101 95 99 105 32 68 69 70 65 85 76 84 32 78 85 76 76 44 10 32 32 96 98 49 114 56 99 84 101 108 69 107 115 116 101 110 115 105 96 32 118 97 114 99 104 97 114 40 49 57 49 41 32 67 79 76 76 65 84 69 32 117 116 102 56 109 98 52 95 117 110 105 99 111 100 101 95 99 105 32 68 69 70 65 85 76 84 32 78 85 76 76 44 10 32 32 96 98 49 114 56 99 69 109 97 105 108 96 32 118 97 114 99 104 97 114 40 49 57 49 41 32 67 79 76 76 65 84 69 32 117 116 102 56 109 98 52 95 117 110 105 99 111 100 101 95 99 105 32 68 69 70 65 85 76 84 32 78 85 76 76 44 10 32 32 96 98 49 114 56 99 72 111 109 101 112 97 103 101 96 32 118 97 114 99 104 97 114 40 49 57 49 41 32 67 79 76 76 65 84 69 32 117 116 102 56 109 98 52 95 117 110 105 99 111 100 101 95 99 105 32 68 69 70 65 85 76 84 32 78 85 76 76 44 10 32 32 96 98 49 114 56 99 72 112 96 32 118 97 114 99 104 97 114 40 49 57 49 41 32 67 79 76 76 65 84 69 32 117 116 102 56 109 98 52 95 117 110 105 99 111 100 101 95 99 105 32 68 69 70 65 85 76 84 32 78 85 76 76 44 10 32 32 96 98 49 114 56 100 96 32 105 110 116 32 68 69 70 65 85 76 84 32 78 85 76 76 44 10 32 32 96 98 49 114 56 101 96 32 118 97 114 99 104 97 114 40 49 57 49 41 32 67 79 76 76 65 84 69 32 117 116 102 56 109 98 52 95 117 110 105 99 111 100 101 95 99 105 32 68 69 70 65 85 76 84 32 78 85 76 76 44 10 32 32 96 98 49 114 57 97 96 32 105 110 116 32 68 69 70 65 85 76 84 32 78 85 76 76 44 10 32 32 96 98 49 114 57 98 49 96 32 118 97 114 99 104 97 114 40 49 57 49 41 32 67 79 76 76 65 84 69 32 117 116 102 56 109 98 52 95 117 110 105 99 111 100 101 95 99 105 32 68 69 70 65 85 76 84 32 78 85 76 76 44 10 32 32 96 98 49 114 57 98 50 96 32 118 97 114 99 104 97 114 40 49 57 49 41 32 67 79 76 76 65 84 69 32 117 116 102 56 109 98 52 95 117 110 105 99 111 100 101 95 99 105 32 68 69 70 65 85 76 84 32 78 85 76 76 44 10 32 32 96 98 49 114 57 98 51 96 32 118 97 114 99 104 97 114 40 49 57 49 41 32 67 79 76 76 65 84 69 32 117 116 102 56 109 98 52 95 117 110 105 99 111 100 101 95 99 105 32 68 69 70 65 85 76 84 32 78 85 76 76 44 10 32 32 96 98 49 114 49 48 97 96 32 105 110 116 32 68 69 70 65 85 76 84 32 78 85 76 76 44 10 32 32 96 98 49 114 49 48 98 96 32 118 97 114 99 104 97 114 40 49 57 49 41 32 67 79 76 76 65 84 69 32 117 116 102 56 109 98 52 95 117 110 105 99 111 100 101 95 99 105 32 68 69 70 65 85 76 84 32 78 85 76 76 44 10 32 32 96 98 49 114 49 48 99 96 32 105 110 116 32 68 69 70 65 85 76 84 32 78 85 76 76 44 10 32 32 96 98 49 114 49 48 99 76 97 105 110 110 121 97 96 32 118 97 114 99 104 97 114 40 49 57 49 41 32 67 79 76 76 65 84 69 32 117 116 102 56 109 98 52 95 117 110 105 99 111 100 101 95 99 105 32 68 69 70 65 85 76 84 32 78 85 76 76 44 10 32 32 96 98 49 114 49 49 97 96 32 118 97 114 99 104 97 114 40 49 57 49 41 32 67 79 76 76 65 84 69 32 117 116 102 56 109 98 52 95 117 110 105 99 111 100 101 95 99 105 32 68 69 70 65 85 76 84 32 78 85 76 76 44 10 32 32 96 98 49 114 49 49 98 96 32 105 110 116 32 68 69 70 65 85 76 84 32 78 85 76 76 44 10 32 32 96 98 49 114 49 49 99 96 32 105 110 116 32 68 69 70 65 85 76 84 32 78 85 76 76 44 10 32 32 96 98 49 114 49 49 100 96 32 105 110 116 32 68 69 70 65 85 76 84 32 78 85 76 76 44 10 32 32 96 98 49 114 49 50 97 96 32 118 97 114 99 104 97 114 40 49 57 49 41 32 67 79 76 76 65 84 69 32 117 116 102 56 109 98 52 95 117 110 105 99 111 100 101 95 99 105 32 68 69 70 65 85 76 84 32 78 85 76 76 44 10 32 32 96 98 49 114 49 50 98 96 32 105 110 116 32 68 69 70 65 85 76 84 32 78 85 76 76 44 10 32 32 96 98 49 114 49 50 99 96 32 105 110 116 32 68 69 70 65 85 76 84 32 78 85 76 76 44 10 32 32 96 98 49 114 49 50 100 96 32 118 97 114 99 104 97 114 40 49 54 41 32 67 79 76 76 65 84 69 32 117 116 102 56 109 98 52 95 117 110 105 99 111 100 101 95 99 105 32 68 69 70 65 85 76 84 32 78 85 76 76 44 10 32 32 96 98 49 114 49 51 97 96 32 118 97 114 99 104 97 114 40 49 57 49 41 32 67 79 76 76 65 84 69 32 117 116 102 56 109 98 52 95 117 110 105 99 111 100 101 95 99 105 32 68 69 70 65 85 76 84 32 78 85 76 76 44 10 32 32 96 98 49 114 49 51 98 49 96 32 105 110 116 32 68 69 70 65 85 76 84 32 78 85 76 76 44 10 32 32 96 98 49 114 49 51 98 50 96 32 105 110 116 32 68 69 70 65 85 76 84 32 78 85 76 76 44 10 32 32 96 98 49 114 49 51 98 51 96 32 105 110 116 32 68 69 70 65 85 76 84 32 78 85 76 76 44 10 32 32 96 98 49 114 49 51 98 52 96 32 105 110 116 32 68 69 70 65 85 76 84 32 78 85 76 76 44 10 32 32 96 98 49 114 49 51 99 96 32 105 110 116 32 68 69 70 65 85 76 84 32 78 85 76 76 44 10 32 32 96 98 49 114 49 51 100 96 32 118 97 114 99 104 97 114 40 49 57 49 41 32 67 79 76 76 65 84 69 32 117 116 102 56 109 98 52 95 117 110 105 99 111 100 101 95 99 105 32 68 69 70 65 85 76 84 32 78 85 76 76 44 10 32 32 96 98 49 114 49 51 101 96 32 118 97 114 99 104 97 114 40 49 57 49 41 32 67 79 76 76 65 84 69 32 117 116 102 56 109 98 52 95 117 110 105 99 111 100 101 95 99 105 32 68 69 70 65 85 76 84 32 78 85 76 76 44 10 32 32 96 98 49 114 49 51 102 96 32 118 97 114 99 104 97 114 40 49 57 49 41 32 67 79 76 76 65 84 69 32 117 116 102 56 109 98 52 95 117 110 105 99 111 100 101 95 99 105 32 68 69 70 65 85 76 84 32 78 85 76 76 44 10 32 32 96 98 49 114 49 51 103 96 32 118 97 114 99 104 97 114 40 53 41 32 67 79 76 76 65 84 69 32 117 116 102 56 109 98 52 95 117 110 105 99 111 100 101 95 99 105 32 68 69 70 65 85 76 84 32 78 85 76 76 44 10 32 32 96 98 49 114 49 51 104 96 32 118 97 114 99 104 97 114 40 50 41 32 67 79 76 76 65 84 69 32 117 116 102 56 109 98 52 95 117 110 105 99 111 100 101 95 99 105 32 68 69 70 65 85 76 84 32 78 85 76 76 44 10 32 32 96 98 49 114 49 51 105 96 32 105 110 116 32 68 69 70 65 85 76 84 32 78 85 76 76 44 10 32 32 96 98 49 114 49 52 97 96 32 105 110 116 32 68 69 70 65 85 76 84 32 78 85 76 76 44 10 32 32 96 98 49 114 49 52 98 96 32 105 110 116 32 68 69 70 65 85 76 84 32 78 85 76 76 44 10 32 32 96 98 49 114 49 53 97 96 32 118 97 114 99 104 97 114 40 49 57 49 41 32 67 79 76 76 65 84 69 32 117 116 102 56 109 98 52 95 117 110 105 99 111 100 101 95 99 105 32 68 69 70 65 85 76 84 32 78 85 76 76 44 10 32 32 96 98 49 114 49 53 98 96 32 118 97 114 99 104 97 114 40 49 57 49 41 32 67 79 76 76 65 84 69 32 117 116 102 56 109 98 52 95 117 110 105 99 111 100 101 95 99 105 32 68 69 70 65 85 76 84 32 78 85 76 76 44 10 32 32 96 98 49 114 49 53 99 96 32 118 97 114 99 104 97 114 40 49 57 49 41 32 67 79 76 76 65 84 69 32 117 116 102 56 109 98 52 95 117 110 105 99 111 100 101 95 99 105 32 68 69 70 65 85 76 84 32 78 85 76 76 44 10 32 32 96 98 49 114 49 53 100 96 32 118 97 114 99 104 97 114 40 49 57 49 41 32 67 79 76 76 65 84 69 32 117 116 102 56 109 98 52 95 117 110 105 99 111 100 101 95 99 105 32 68 69 70 65 85 76 84 32 78 85 76 76 44 10 32 32 96 98 49 114 49 53 101 96 32 118 97 114 99 104 97 114 40 49 57 49 41 32 67 79 76 76 65 84 69 32 117 116 102 56 109 98 52 95 117 110 105 99 111 100 101 95 99 105 32 68 69 70 65 85 76 84 32 78 85 76 76 44 10 32 32 96 98 49 114 49 53 102 96 32 118 97 114 99 104 97 114 40 49 57 49 41 32 67 79 76 76 65 84 69 32 117 116 102 56 109 98 52 95 117 110 105 99 111 100 101 95 99 105 32 68 69 70 65 85 76 84 32 78 85 76 76 44 10 32 32 96 98 49 114 49 54 97 96 32 105 110 116 32 68 69 70 65 85 76 84 32 78 85 76 76 44 10 32 32 96 98 49 114 49 54 98 49 96 32 105 110 116 32 68 69 70 65 85 76 84 32 78 85 76 76 44 10 32 32 96 98 49 114 49 54 98 50 96 32 105 110 116 32 68 69 70 65 85 76 84 32 78 85 76 76 44 10 32 32 96 98 49 114 49 54 98 51 96 32 105 110 116 32 68 69 70 65 85 76 84 32 78 85 76 76 44 10 32 32 96 98 49 114 49 54 98 52 96 32 105 110 116 32 68 69 70 65 85 76 84 32 78 85 76 76 44 10 32 32 96 98 49 114 49 54 98 53 96 32 105 110 116 32 68 69 70 65 85 76 84 32 78 85 76 76 44 10 32 32 96 98 49 114 49 54 98 54 96 32 105 110 116 32 68 69 70 65 85 76 84 32 78 85 76 76 44 10 32 32 96 98 49 114 49 54 99 96 32 105 110 116 32 68 69 70 65 85 76 84 32 78 85 76 76 44 10 32 32 96 98 49 114 49 55 97 96 32 105 110 116 32 68 69 70 65 85 76 84 32 78 85 76 76 44 10 32 32 96 98 49 114 49 55 98 96 32 105 110 116 32 68 69 70 65 85 76 84 32 78 85 76 76 44 10 32 32 96 98 49 114 49 56 96 32 105 110 116 32 68 69 70 65 85 76 84 32 78 85 76 76 44 10 32 32 96 98 49 114 49 57 97 96 32 105 110 116 32 68 69 70 65 85 76 84 32 78 85 76 76 44 10 32 32 96 98 49 114 49 57 98 96 32 105 110 116 32 68 69 70 65 85 76 84 32 78 85 76 76 44 10 32 32 96 98 49 114 49 57 99 96 32 105 110 116 32 68 69 70 65 85 76 84 32 78 85 76 76 44 10 32 32 96 98 49 114 50 48 97 96 32 105 110 116 32 68 69 70 65 85 76 84 32 78 85 76 76 44 10 32 32 96 98 49 114 50 48 98 96 32 105 110 116 32 68 69 70 65 85 76 84 32 78 85 76 76 44 10 32 32 96 98 49 114 50 48 99 96 32 105 110 116 32 68 69 70 65 85 76 84 32 78 85 76 76 44 10 32 32 96 98 49 114 50 49 96 32 105 110 116 32 68 69 70 65 85 76 84 32 78 85 76 76 44 10 32 32 96 98 49 114 50 50 96 32 105 110 116 32 68 69 70 65 85 76 84 32 78 85 76 76 44 10 32 32 96 98 49 114 50 51 97 96 32 105 110 116 32 68 69 70 65 85 76 84 32 78 85 76 76 44 10 32 32 96 98 49 114 50 51 98 96 32 105 110 116 32 68 69 70 65 85 76 84 32 78 85 76 76 44 10 32 32 96 98 49 114 50 51 99 96 32 105 110 116 32 68 69 70 65 85 76 84 32 78 85 76 76 44 10 32 32 96 98 49 114 50 52 97 49 96 32 105 110 116 32 68 69 70 65 85 76 84 32 78 85 76 76 44 10 32 32 96 98 49 114 50 52 97 50 96 32 105 110 116 32 68 69 70 65 85 76 84 32 78 85 76 76 44 10 32 32 96 98 49 114 50 52 98 49 96 32 105 110 116 32 68 69 70 65 85 76 84 32 78 85 76 76 44 10 32 32 96 98 49 114 50 52 98 50 96 32 105 110 116 32 68 69 70 65 85 76 84 32 78 85 76 76 44 10 32 32 96 98 49 114 50 52 99 49 96 32 105 110 116 32 68 69 70 65 85 76 84 32 78 85 76 76 44 10 32 32 96 98 49 114 50 52 99 50 96 32 105 110 116 32 68 69 70 65 85 76 84 32 78 85 76 76 44 10 32 32 96 98 49 114 50 53 96 32 105 110 116 32 68 69 70 65 85 76 84 32 78 85 76 76 44 10 32 32 96 98 49 114 50 54 97 96 32 100 101 99 105 109 97 108 40 50 48 44 48 41 32 68 69 70 65 85 76 84 32 78 85 76 76 44 10 32 32 96 98 49 114 50 54 98 96 32 100 101 99 105 109 97 108 40 50 48 44 48 41 32 68 69 70 65 85 76 84 32 78 85 76 76 44 10 32 32 96 98 49 114 50 54 99 96 32 100 101 99 105 109 97 108 40 50 48 44 48 41 32 68 69 70 65 85 76 84 32 78 85 76 76 44 10 32 32 96 98 49 114 50 54 100 96 32 100 101 99 105 109 97 108 40 50 48 44 48 41 32 68 69 70 65 85 76 84 32 78 85 76 76 44 10 32 32 96 98 49 114 50 54 101 96 32 100 101 99 105 109 97 108 40 50 48 44 48 41 32 68 69 70 65 85 76 84 32 78 85 76 76 44 10 32 32 96 98 49 114 50 54 102 96 32 100 101 99 105 109 97 108 40 50 48 44 48 41 32 68 69 70 65 85 76 84 32 78 85 76 76 44 10 32 32 96 98 49 114 50 55 97 96 32 100 101 99 105 109 97 108 40 50 48 44 48 41 32 68 69 70 65 85 76 84 32 78 85 76 76 44 10 32 32 96 98 49 114 50 55 98 96 32 100 101 99 105 109 97 108 40 50 48 44 48 41 32 68 69 70 65 85 76 84 32 78 85 76 76 44 10 32 32 96 98 49 114 50 55 99 96 32 100 101 99 105 109 97 108 40 50 48 44 48 41 32 68 69 70 65 85 76 84 32 78 85 76 76 44 10 32 32 96 98 49 114 50 55 100 96 32 100 101 99 105 109 97 108 40 53 44 50 41 32 68 69 70 65 85 76 84 32 78 85 76 76 44 10 32 32 96 98 49 114 50 56 97 96 32 100 101 99 105 109 97 108 40 50 48 44 48 41 32 68 69 70 65 85 76 84 32 78 85 76 76 44 10 32 32 96 98 49 114 50 56 98 96 32 100 101 99 105 109 97 108 40 50 48 44 48 41 32 68 69 70 65 85 76 84 32 78 85 76 76 44 10 32 32 96 98 49 114 50 56 99 96 32 100 101 99 105 109 97 108 40 50 48 44 48 41 32 68 69 70 65 85 76 84 32 78 85 76 76 44 10 32 32 96 98 49 114 50 56 99 49 96 32 105 110 116 32 68 69 70 65 85 76 84 32 78 85 76 76 44 10 32 32 96 98 49 114 50 56 100 96 32 100 101 99 105 109 97 108 40 49 53 44 50 41 32 68 69 70 65 85 76 84 32 78 85 76 76 44 10 32 32 96 98 49 114 50 57 97 96 32 100 101 99 105 109 97 108 40 53 44 50 41 32 68 69 70 65 85 76 84 32 78 85 76 76 44 10 32 32 96 98 49 114 50 57 98 96 32 100 101 99 105 109 97 108 40 53 44 50 41 32 68 69 70 65 85 76 84 32 78 85 76 76 44 10 32 32 96 98 49 114 50 57 99 96 32 100 101 99 105 109 97 108 40 53 44 50 41 32 68 69 70 65 85 76 84 32 78 85 76 76 44 10 32 32 96 98 49 114 50 57 100 96 32 100 101 99 105 109 97 108 40 53 44 50 41 32 68 69 70 65 85 76 84 32 78 85 76 76 44 10 32 32 96 98 49 114 50 57 101 96 32 100 101 99 105 109 97 108 40 53 44 50 41 32 68 69 70 65 85 76 84 32 78 85 76 76 44 10 32 32 96 98 49 114 50 57 102 96 32 100 101 99 105 109 97 108 40 53 44 50 41 32 68 69 70 65 85 76 84 32 78 85 76 76 44 10 32 32 96 98 49 114 50 57 103 96 32 100 101 99 105 109 97 108 40 53 44 50 41 32 68 69 70 65 85 76 84 32 78 85 76 76 44 10 32 32 96 98 49 114 51 48 97 96 32 100 101 99 105 109 97 108 40 50 48 44 48 41 32 68 69 70 65 85 76 84 32 78 85 76 76 44 10 32 32 96 98 49 114 51 48 98 96 32 100 101 99 105 109 97 108 40 50 48 44 48 41 32 68 69 70 65 85 76 84 32 78 85 76 76 44 10 32 32 96 98 49 114 51 48 99 96 32 100 101 99 105 109 97 108 40 50 48 44 48 41 32 68 69 70 65 85 76 84 32 78 85 76 76 44 10 32 32 96 98 49 114 51 48 100 96 32 100 101 99 105 109 97 108 40 50 48 44 48 41 32 68 69 70 65 85 76 84 32 78 85 76 76 44 10 32 32 96 98 49 114 51 48 101 96 32 100 101 99 105 109 97 108 40 50 48 44 48 41 32 68 69 70 65 85 76 84 32 78 85 76 76 44 10 32 32 96 98 49 114 51 48 102 96 32 100 101 99 105 109 97 108 40 50 48 44 48 41 32 68 69 70 65 85 76 84 32 78 85 76 76 44 10 32 32 96 98 49 114 51 49 97 96 32 100 101 99 105 109 97 108 40 50 48 44 48 41 32 68 69 70 65 85 76 84 32 78 85 76 76 44 10 32 32 96 98 49 114 51 49 98 96 32 100 101 99 105 109 97 108 40 50 48 44 48 41 32 68 69 70 65 85 76 84 32 78 85 76 76 44 10 32 32 96 98 49 114 51 49 99 96 32 100 101 99 105 109 97 108 40 50 48 44 48 41 32 68 69 70 65 85 76 84 32 78 85 76 76 44 10 32 32 96 98 49 114 51 49 100 96 32 100 101 99 105 109 97 108 40 53 44 50 41 32 68 69 70 65 85 76 84 32 78 85 76 76 44 10 32 32 96 98 49 114 51 49 101 96 32 118 97 114 99 104 97 114 40 49 57 49 41 32 67 79 76 76 65 84 69 32 117 116 102 56 109 98 52 95 117 110 105 99 111 100 101 95 99 105 32 68 69 70 65 85 76 84 32 78 85 76 76 44 10 32 32 96 98 49 114 51 50 97 96 32 100 101 99 105 109 97 108 40 50 48 44 48 41 32 68 69 70 65 85 76 84 32 78 85 76 76 44 10 32 32 96 98 49 114 51 50 98 96 32 100 101 99 105 109 97 108 40 50 48 44 48 41 32 68 69 70 65 85 76 84 32 78 85 76 76 44 10 32 32 96 98 49 114 51 50 99 96 32 100 101 99 105 109 97 108 40 50 48 44 48 41 32 68 69 70 65 85 76 84 32 78 85 76 76 44 10 32 32 96 98 49 114 51 50 99 49 96 32 105 110 116 32 68 69 70 65 85 76 84 32 78 85 76 76 44 10 32 32 96 98 49 114 51 50 100 96 32 100 101 99 105 109 97 108 40 49 53 44 50 41 32 68 69 70 65 85 76 84 32 78 85 76 76 44 10 32 32 96 98 49 114 51 51 97 96 32 100 101 99 105 109 97 108 40 53 44 50 41 32 68 69 70 65 85 76 84 32 78 85 76 76 44 10 32 32 96 98 49 114 51 51 98 96 32 100 101 99 105 109 97 108 40 53 44 50 41 32 68 69 70 65 85 76 84 32 78 85 76 76 44 10 32 32 96 98 49 114 51 51 99 96 32 100 101 99 105 109 97 108 40 53 44 50 41 32 68 69 70 65 85 76 84 32 78 85 76 76 44 10 32 32 96 98 49 114 51 51 100 96 32 100 101 99 105 109 97 108 40 53 44 50 41 32 68 69 70 65 85 76 84 32 78 85 76 76 44 10 32 32 96 98 49 114 51 51 101 96 32 100 101 99 105 109 97 108 40 53 44 50 41 32 68 69 70 65 85 76 84 32 78 85 76 76 44 10 32 32 96 98 49 114 51 51 102 96 32 100 101 99 105 109 97 108 40 53 44 50 41 32 68 69 70 65 85 76 84 32 78 85 76 76 44 10 32 32 96 98 49 114 51 51 103 96 32 100 101 99 105 109 97 108 40 53 44 50 41 32 68 69 70 65 85 76 84 32 78 85 76 76 44 10 32 32 96 98 50 99 97 116 97 116 97 110 96 32 116 101 120 116 32 67 79 76 76 65 84 69 32 117 116 102 56 109 98 52 95 117 110 105 99 111 100 101 95 99 105 44 10 32 32 96 98 51 114 49 96 32 118 97 114 99 104 97 114 40 49 48 48 41 32 67 79 76 76 65 84 69 32 117 116 102 56 109 98 52 95 117 110 105 99 111 100 101 95 99 105 32 68 69 70 65 85 76 84 32 78 85 76 76 44 10 32 32 96 98 51 114 51 96 32 118 97 114 99 104 97 114 40 50 48 41 32 67 79 76 76 65 84 69 32 117 116 102 56 109 98 52 95 117 110 105 99 111 100 101 95 99 105 32 68 69 70 65 85 76 84 32 78 85 76 76 44 10 32 32 96 98 51 114 52 96 32 118 97 114 99 104 97 114 40 49 48 48 41 32 67 79 76 76 65 84 69 32 117 116 102 56 109 98 52 95 117 110 105 99 111 100 101 95 99 105 32 68 69 70 65 85 76 84 32 78 85 76 76 44 10 32 32 96 99 97 116 97 116 97 110 78 103 105 98 97 114 96 32 116 101 120 116 32 67 79 76 76 65 84 69 32 117 116 102 56 109 98 52 95 117 110 105 99 111 100 101 95 99 105 44 10 32 32 96 116 97 110 103 103 97 108 80 101 108 97 107 115 97 110 97 97 110 96 32 100 97 116 101 116 105 109 101 40 51 41 32 68 69 70 65 85 76 84 32 78 85 76 76 44 10 32 32 96 116 116 100 96 32 116 105 110 121 105 110 116 40 49 41 32 68 69 70 65 85 76 84 32 78 85 76 76 44 10 32 32 96 115 117 98 109 105 116 116 101 100 65 116 96 32 100 97 116 101 116 105 109 101 40 51 41 32 78 79 84 32 78 85 76 76 32 68 69 70 65 85 76 84 32 67 85 82 82 69 78 84 95 84 73 77 69 83 84 65 77 80 40 51 41 44 10 32 32 96 117 112 100 97 116 101 100 65 116 96 32 100 97 116 101 116 105 109 101 40 51 41 32 78 79 84 32 78 85 76 76 44 10 32 32 96 112 101 114 117 115 97 104 97 97 110 95 105 100 96 32 105 110 116 32 78 79 84 32 78 85 76 76 44 10 32 32 96 98 49 95 114 49 96 32 118 97 114 99 104 97 114 40 50 41 32 67 79 76 76 65 84 69 32 117 116 102 56 109 98 52 95 117 110 105 99 111 100 101 95 99 105 32 68 69 70 65 85 76 84 32 78 85 76 76 44 10 32 32 96 98 49 95 114 50 96 32 118 97 114 99 104 97 114 40 52 41 32 67 79 76 76 65 84 69 32 117 116 102 56 109 98 52 95 117 110 105 99 111 100 101 95 99 105 32 68 69 70 65 85 76 84 32 78 85 76 76 44 10 32 32 96 98 49 95 114 51 96 32 118 97 114 99 104 97 114 40 55 41 32 67 79 76 76 65 84 69 32 117 116 102 56 109 98 52 95 117 110 105 99 111 100 101 95 99 105 32 68 69 70 65 85 76 84 32 78 85 76 76 44 10 32 32 96 98 49 95 114 52 96 32 118 97 114 99 104 97 114 40 49 48 41 32 67 79 76 76 65 84 69 32 117 116 102 56 109 98 52 95 117 110 105 99 111 100 101 95 99 105 32 68 69 70 65 85 76 84 32 78 85 76 76 44 10 32 32 96 98 49 95 114 53 96 32 108 111 110 103 116 101 120 116 32 67 79 76 76 65 84 69 32 117 116 102 56 109 98 52 95 117 110 105 99 111 100 101 95 99 105 44 10 32 32 96 98 49 95 114 54 96 32 108 111 110 103 116 101 120 116 32 67 79 76 76 65 84 69 32 117 116 102 56 109 98 52 95 117 110 105 99 111 100 101 95 99 105 44 10 32 32 96 98 49 95 114 55 96 32 108 111 110 103 116 101 120 116 32 67 79 76 76 65 84 69 32 117 116 102 56 109 98 52 95 117 110 105 99 111 100 101 95 99 105 44 10 32 32 96 98 49 95 114 56 95 97 96 32 108 111 110 103 116 101 120 116 32 67 79 76 76 65 84 69 32 117 116 102 56 109 98 52 95 117 110 105 99 111 100 101 95 99 105 44 10 32 32 96 98 49 95 114 56 95 98 96 32 108 111 110 103 116 101 120 116 32 67 79 76 76 65 84 69 32 117 116 102 56 109 98 52 95 117 110 105 99 111 100 101 95 99 105 44 10 32 32 96 98 49 95 114 56 95 99 95 97 108 97 109 97 116 96 32 108 111 110 103 116 101 120 116 32 67 79 76 76 65 84 69 32 117 116 102 56 109 98 52 95 117 110 105 99 111 100 101 95 99 105 44 10 32 32 96 98 49 95 114 56 95 99 114 116 96 32 108 111 110 103 116 101 120 116 32 67 79 76 76 65 84 69 32 117 116 102 56 109 98 52 95 117 110 105 99 111 100 101 95 99 105 44 10 32 32 96 98 49 95 114 56 95 99 114 119 96 32 108 111 110 103 116 101 120 116 32 67 79 76 76 65 84 69 32 117 116 102 56 109 98 52 95 117 110 105 99 111 100 101 95 99 105 44 10 32 32 96 98 49 95 114 56 95 99 95 107 111 100 101 95 112 111 115 96 32 108 111 110 103 116 101 120 116 32 67 79 76 76 65 84 69 32 117 116 102 56 109 98 52 95 117 110 105 99 111 100 101 95 99 105 44 10 32 32 96 98 49 95 114 56 95 99 95 116 101 108 95 107 111 100 101 95 97 114 101 97 96 32 108 111 110 103 116 101 120 116 32 67 79 76 76 65 84 69 32 117 116 102 56 109 98 52 95 117 110 105 99 111 100 101 95 99 105 44 10 32 32 96 98 49 95 114 56 95 99 95 116 101 108 95 110 111 109 111 114 96 32 108 111 110 103 116 101 120 116 32 67 79 76 76 65 84 69 32 117 116 102 56 109 98 52 95 117 110 105 99 111 100 101 95 99 105 44 10 32 32 96 98 49 95 114 56 95 99 95 116 101 108 95 101 107 115 116 101 110 115 105 96 32 108 111 110 103 116 101 120 116 32 67 79 76 76 65 84 69 32 117 116 102 56 109 98 52 95 117 110 105 99 111 100 101 95 99 105 44 10 32 32 96 98 49 95 114 56 95 99 95 101 109 97 105 108 96 32 108 111 110 103 116 101 120 116 32 67 79 76 76 65 84 69 32 117 116 102 56 109 98 52 95 117 110 105 99 111 100 101 95 99 105 44 10 32 32 96 98 49 95 114 56 95 99 95 104 111 109 101 112 97 103 101 96 32 108 111 110 103 116 101 120 116 32 67 79 76 76 65 84 69 32 117 116 102 56 109 98 52 95 117 110 105 99 111 100 101 95 99 105 44 10 32 32 96 98 49 95 114 56 95 99 104 112 96 32 108 111 110 103 116 101 120 116 32 67 79 76 76 65 84 69 32 117 116 102 56 109 98 52 95 117 110 105 99 111 100 101 95 99 105 44 10 32 32 96 98 49 95 114 56 95 100 96 32 98 105 103 105 110 116 32 68 69 70 65 85 76 84 32 78 85 76 76 44 10 32 32 96 98 49 95 114 56 95 101 96 32 108 111 110 103 116 101 120 116 32 67 79 76 76 65 84 69 32 117 116 102 56 109 98 52 95 117 110 105 99 111 100 101 95 99 105 44 10 32 32 96 98 49 95 114 57 95 97 96 32 98 105 103 105 110 116 32 68 69 70 65 85 76 84 32 78 85 76 76 44 10 32 32 96 98 49 95 114 57 95 98 49 96 32 108 111 110 103 116 101 120 116 32 67 79 76 76 65 84 69 32 117 116 102 56 109 98 52 95 117 110 105 99 111 100 101 95 99 105 44 10 32 32 96 98 49 95 114 57 95 98 50 96 32 108 111 110 103 116 101 120 116 32 67 79 76 76 65 84 69 32 117 116 102 56 109 98 52 95 117 110 105 99 111 100 101 95 99 105 44 10 32 32 96 98 49 95 114 57 95 98 51 96 32 108 111 110 103 116 101 120 116 32 67 79 76 76 65 84 69 32 117 116 102 56 109 98 52 95 117 110 105 99 111 100 101 95 99 105 44 10 32 32 96 98 49 95 114 49 48 95 97 96 32 98 105 103 105 110 116 32 68 69 70 65 85 76 84 32 78 85 76 76 44 10 32 32 96 98 49 95 114 49 48 95 98 96 32 108 111 110 103 116 101 120 116 32 67 79 76 76 65 84 69 32 117 116 102 56 109 98 52 95 117 110 105 99 111 100 101 95 99 105 44 10 32 32 96 98 49 95 114 49 48 95 99 96 32 98 105 103 105 110 116 32 68 69 70 65 85 76 84 32 78 85 76 76 44 10 32 32 96 98 49 95 114 49 48 95 99 95 108 97 105 110 110 121 97 96 32 108 111 110 103 116 101 120 116 32 67 79 76 76 65 84 69 32 117 116 102 56 109 98 52 95 117 110 105 99 111 100 101 95 99 105 44 10 32 32 96 98 49 95 114 49 49 95 97 96 32 108 111 110 103 116 101 120 116 32 67 79 76 76 65 84 69 32 117 116 102 56 109 98 52 95 117 110 105 99 111 100 101 95 99 105 44 10 32 32 96 98 49 95 114 49 49 95 98 96 32 98 105 103 105 110 116 32 68 69 70 65 85 76 84 32 78 85 76 76 44 10 32 32 96 98 49 95 114 49 49 95 99 96 32 98 105 103 105 110 116 32 68 69 70 65 85 76 84 32 78 85 76 76 44 10 32 32 96 98 49 95 114 49 49 95 100 96 32 98 105 103 105 110 116 32 68 69 70 65 85 76 84 32 78 85 76 76 44 10 32 32 96 98 49 95 114 49 50 95 97 96 32 108 111 110 103 116 101 120 116 32 67 79 76 76 65 84 69 32 117 116 102 56 109 98 52 95 117 110 105 99 111 100 101 95 99 105 44 10 32 32 96 98 49 95 114 49 50 95 98 96 32 98 105 103 105 110 116 32 68 69 70 65 85 76 84 32 78 85 76 76 44 10 32 32 96 98 49 95 114 49 50 95 99 96 32 98 105 103 105 110 116 32 68 69 70 65 85 76 84 32 78 85 76 76 44 10 32 32 96 98 49 95 114 49 50 95 100 96 32 118 97 114 99 104 97 114 40 49 54 41 32 67 79 76 76 65 84 69 32 117 116 102 56 109 98 52 95 117 110 105 99 111 100 101 95 99 105 32 68 69 70 65 85 76 84 32 78 85 76 76 44 10 32 32 96 98 49 95 114 49 51 95 97 96 32 108 111 110 103 116 101 120 116 32 67 79 76 76 65 84 69 32 117 116 102 56 109 98 52 95 117 110 105 99 111 100 101 95 99 105 44 10 32 32 96 98 49 95 114 49 51 95 98 49 96 32 98 105 103 105 110 116 32 68 69 70 65 85 76 84 32 78 85 76 76 44 10 32 32 96 98 49 95 114 49 51 95 98 50 96 32 98 105 103 105 110 116 32 68 69 70 65 85 76 84 32 78 85 76 76 44 10 32 32 96 98 49 95 114 49 51 95 98 51 96 32 98 105 103 105 110 116 32 68 69 70 65 85 76 84 32 78 85 76 76 44 10 32 32 96 98 49 95 114 49 51 95 98 52 96 32 98 105 103 105 110 116 32 68 69 70 65 85 76 84 32 78 85 76 76 44 10 32 32 96 98 49 95 114 49 51 95 99 96 32 98 105 103 105 110 116 32 68 69 70 65 85 76 84 32 78 85 76 76 44 10 32 32 96 98 49 95 114 49 51 95 100 96 32 108 111 110 103 116 101 120 116 32 67 79 76 76 65 84 69 32 117 116 102 56 109 98 52 95 117 110 105 99 111 100 101 95 99 105 44 10 32 32 96 98 49 95 114 49 51 95 101 96 32 108 111 110 103 116 101 120 116 32 67 79 76 76 65 84 69 32 117 116 102 56 109 98 52 95 117 110 105 99 111 100 101 95 99 105 44 10 32 32 96 98 49 95 114 49 51 95 102 96 32 108 111 110 103 116 101 120 116 32 67 79 76 76 65 84 69 32 117 116 102 56 109 98 52 95 117 110 105 99 111 100 101 95 99 105 44 10 32 32 96 98 49 95 114 49 51 95 103 96 32 118 97 114 99 104 97 114 40 53 41 32 67 79 76 76 65 84 69 32 117 116 102 56 109 98 52 95 117 110 105 99 111 100 101 95 99 105 32 68 69 70 65 85 76 84 32 78 85 76 76 44 10 32 32 96 98 49 95 114 49 51 95 104 96 32 118 97 114 99 104 97 114 40 50 41 32 67 79 76 76 65 84 69 32 117 116 102 56 109 98 52 95 117 110 105 99 111 100 101 95 99 105 32 68 69 70 65 85 76 84 32 78 85 76 76 44 10 32 32 96 98 49 95 114 49 51 95 105 96 32 98 105 103 105 110 116 32 68 69 70 65 85 76 84 32 78 85 76 76 44 10 32 32 96 98 49 95 114 49 52 95 97 96 32 98 105 103 105 110 116 32 68 69 70 65 85 76 84 32 78 85 76 76 44 10 32 32 96 98 49 95 114 49 52 95 98 96 32 98 105 103 105 110 116 32 68 69 70 65 85 76 84 32 78 85 76 76 44 10 32 32 96 98 49 95 114 49 53 95 97 96 32 108 111 110 103 116 101 120 116 32 67 79 76 76 65 84 69 32 117 116 102 56 109 98 52 95 117 110 105 99 111 100 101 95 99 105 44 10 32 32 96 98 49 95 114 49 53 95 98 96 32 108 111 110 103 116 101 120 116 32 67 79 76 76 65 84 69 32 117 116 102 56 109 98 52 95 117 110 105 99 111 100 101 95 99 105 44 10 32 32 96 98 49 95 114 49 53 95 99 96 32 108 111 110 103 116 101 120 116 32 67 79 76 76 65 84 69 32 117 116 102 56 109 98 52 95 117 110 105 99 111 100 101 95 99 105 44 10 32 32 96 98 49 95 114 49 53 95 100 96 32 108 111 110 103 116 101 120 116 32 67 79 76 76 65 84 69 32 117 116 102 56 109 98 52 95 117 110 105 99 111 100 101 95 99 105 44 10 32 32 96 98 49 95 114 49 53 95 101 96 32 108 111 110 103 116 101 120 116 32 67 79 76 76 65 84 69 32 117 116 102 56 109 98 52 95 117 110 105 99 111 100 101 95 99 105 44 10 32 32 96 98 49 95 114 49 53 95 102 96 32 108 111 110 103 116 101 120 116 32 67 79 76 76 65 84 69 32 117 116 102 56 109 98 52 95 117 110 105 99 111 100 101 95 99 105 44 10 32 32 96 98 49 95 114 49 54 95 97 96 32 98 105 103 105 110 116 32 68 69 70 65 85 76 84 32 78 85 76 76 44 10 32 32 96 98 49 95 114 49 54 95 98 49 96 32 98 105 103 105 110 116 32 68 69 70 65 85 76 84 32 78 85 76 76 44 10 32 32 96 98 49 95 114 49 54 95 98 50 96 32 98 105 103 105 110 116 32 68 69 70 65 85 76 84 32 78 85 76 76 44 10 32 32 96 98 49 95 114 49 54 95 98 51 96 32 98 105 103 105 110 116 32 68 69 70 65 85 76 84 32 78 85 76 76 44 10 32 32 96 98 49 95 114 49 54 95 98 52 96 32 98 105 103 105 110 116 32 68 69 70 65 85 76 84 32 78 85 76 76 44 10 32 32 96 98 49 95 114 49 54 95 98 53 96 32 98 105 103 105 110 116 32 68 69 70 65 85 76 84 32 78 85 76 76 44 10 32 32 96 98 49 95 114 49 54 95 98 54 96 32 98 105 103 105 110 116 32 68 69 70 65 85 76 84 32 78 85 76 76 44 10 32 32 96 98 49 95 114 49 54 95 99 96 32 98 105 103 105 110 116 32 68 69 70 65 85 76 84 32 78 85 76 76 44 10 32 32 96 98 49 95 114 49 55 95 97 96 32 98 105 103 105 110 116 32 68 69 70 65 85 76 84 32 78 85 76 76 44 10 32 32 96 98 49 95 114 49 55 95 98 96 32 98 105 103 105 110 116 32 68 69 70 65 85 76 84 32 78 85 76 76 44 10 32 32 96 98 49 95 114 49 56 96 32 98 105 103 105 110 116 32 68 69 70 65 85 76 84 32 78 85 76 76 44 10 32 32 96 98 49 95 114 49 57 95 97 96 32 98 105 103 105 110 116 32 68 69 70 65 85 76 84 32 78 85 76 76 44 10 32 32 96 98 49 95 114 49 57 95 98 96 32 98 105 103 105 110 116 32 68 69 70 65 85 76 84 32 78 85 76 76 44 10 32 32 96 98 49 95 114 49 57 95 99 96 32 98 105 103 105 110 116 32 68 69 70 65 85 76 84 32 78 85 76 76 44 10 32 32 96 98 49 95 114 50 48 95 97 96 32 98 105 103 105 110 116 32 68 69 70 65 85 76 84 32 78 85 76 76 44 10 32 32 96 98 49 95 114 50 48 95 98 96 32 98 105 103 105 110 116 32 68 69 70 65 85 76 84 32 78 85 76 76 44 10 32 32 96 98 49 95 114 50 48 95 99 96 32 98 105 103 105 110 116 32 68 69 70 65 85 76 84 32 78 85 76 76 44 10 32 32 96 98 49 95 114 50 49 96 32 98 105 103 105 110 116 32 68 69 70 65 85 76 84 32 78 85 76 76 44 10 32 32 96 98 49 95 114 50 50 96 32 98 105 103 105 110 116 32 68 69 70 65 85 76 84 32 78 85 76 76 44 10 32 32 96 98 49 95 114 50 51 95 97 96 32 98 105 103 105 110 116 32 68 69 70 65 85 76 84 32 78 85 76 76 44 10 32 32 96 98 49 95 114 50 51 95 98 96 32 98 105 103 105 110 116 32 68 69 70 65 85 76 84 32 78 85 76 76 44 10 32 32 96 98 49 95 114 50 51 95 99 96 32 98 105 103 105 110 116 32 68 69 70 65 85 76 84 32 78 85 76 76 44 10 32 32 96 98 49 95 114 50 52 95 97 49 96 32 98 105 103 105 110 116 32 68 69 70 65 85 76 84 32 78 85 76 76 44 10 32 32 96 98 49 95 114 50 52 95 97 50 96 32 98 105 103 105 110 116 32 68 69 70 65 85 76 84 32 78 85 76 76 44 10 32 32 96 98 49 95 114 50 52 95 98 49 96 32 98 105 103 105 110 116 32 68 69 70 65 85 76 84 32 78 85 76 76 44 10 32 32 96 98 49 95 114 50 52 95 98 50 96 32 98 105 103 105 110 116 32 68 69 70 65 85 76 84 32 78 85 76 76 44 10 32 32 96 98 49 95 114 50 52 95 99 49 96 32 98 105 103 105 110 116 32 68 69 70 65 85 76 84 32 78 85 76 76 44 10 32 32 96 98 49 95 114 50 52 95 99 50 96 32 98 105 103 105 110 116 32 68 69 70 65 85 76 84 32 78 85 76 76 44 10 32 32 96 98 49 95 114 50 53 96 32 98 105 103 105 110 116 32 68 69 70 65 85 76 84 32 78 85 76 76 44 10 32 32 96 98 49 95 114 50 54 95 97 96 32 100 101 99 105 109 97 108 40 50 48 44 48 41 32 68 69 70 65 85 76 84 32 78 85 76 76 44 10 32 32 96 98 49 95 114 50 54 95 98 96 32 100 101 99 105 109 97 108 40 50 48 44 48 41 32 68 69 70 65 85 76 84 32 78 85 76 76 44 10 32 32 96 98 49 95 114 50 54 95 99 96 32 100 101 99 105 109 97 108 40 50 48 44 48 41 32 68 69 70 65 85 76 84 32 78 85 76 76 44 10 32 32 96 98 49 95 114 50 54 95 100 96 32 100 101 99 105 109 97 108 40 50 48 44 48 41 32 68 69 70 65 85 76 84 32 78 85 76 76 44 10 32 32 96 98 49 95 114 50 54 95 101 96 32 100 101 99 105 109 97 108 40 50 48 44 48 41 32 68 69 70 65 85 76 84 32 78 85 76 76 44 10 32 32 96 98 49 95 114 50 54 95 102 96 32 100 101 99 105 109 97 108 40 50 48 44 48 41 32 68 69 70 65 85 76 84 32 78 85 76 76 44 10 32 32 96 98 49 95 114 50 55 95 97 96 32 100 101 99 105 109 97 108 40 50 48 44 48 41 32 68 69 70 65 85 76 84 32 78 85 76 76 44 10 32 32 96 98 49 95 114 50 55 95 98 96 32 100 101 99 105 109 97 108 40 50 48 44 48 41 32 68 69 70 65 85 76 84 32 78 85 76 76 44 10 32 32 96 98 49 95 114 50 55 95 99 96 32 100 101 99 105 109 97 108 40 50 48 44 48 41 32 68 69 70 65 85 76 84 32 78 85 76 76 44 10 32 32 96 98 49 95 114 50 55 95 100 96 32 100 101 99 105 109 97 108 40 53 44 50 41 32 68 69 70 65 85 76 84 32 78 85 76 76 44 10 32 32 96 98 49 95 114 50 56 95 97 96 32 100 101 99 105 109 97 108 40 50 48 44 48 41 32 68 69 70 65 85 76 84 32 78 85 76 76 44 10 32 32 96 98 49 95 114 50 56 95 98 96 32 100 101 99 105 109 97 108 40 50 48 44 48 41 32 68 69 70 65 85 76 84 32 78 85 76 76 44 10 32 32 96 98 49 95 114 50 56 95 99 96 32 100 101 99 105 109 97 108 40 50 48 44 48 41 32 68 69 70 65 85 76 84 32 78 85 76 76 44 10 32 32 96 98 49 95 114 50 56 95 99 49 96 32 98 105 103 105 110 116 32 68 69 70 65 85 76 84 32 78 85 76 76 44 10 32 32 96 98 49 95 114 50 56 95 100 96 32 100 101 99 105 109 97 108 40 49 53 44 50 41 32 68 69 70 65 85 76 84 32 78 85 76 76 44 10 32 32 96 98 49 95 114 50 57 95 97 96 32 100 101 99 105 109 97 108 40 53 44 50 41 32 68 69 70 65 85 76 84 32 78 85 76 76 44 10 32 32 96 98 49 95 114 50 57 95 98 96 32 100 101 99 105 109 97 108 40 53 44 50 41 32 68 69 70 65 85 76 84 32 78 85 76 76 44 10 32 32 96 98 49 95 114 50 57 95 99 96 32 100 101 99 105 109 97 108 40 53 44 50 41 32 68 69 70 65 85 76 84 32 78 85 76 76 44 10 32 32 96 98 49 95 114 50 57 95 100 96 32 100 101 99 105 109 97 108 40 53 44 50 41 32 68 69 70 65 85 76 84 32 78 85 76 76 44 10 32 32 96 98 49 95 114 50 57 95 101 96 32 100 101 99 105 109 97 108 40 53 44 50 41 32 68 69 70 65 85 76 84 32 78 85 76 76 44 10 32 32 96 98 49 95 114 50 57 95 102 96 32 100 101 99 105 109 97 108 40 53 44 50 41 32 68 69 70 65 85 76 84 32 78 85 76 76 44 10 32 32 96 98 49 95 114 50 57 95 103 96 32 100 101 99 105 109 97 108 40 53 44 50 41 32 68 69 70 65 85 76 84 32 78 85 76 76 44 10 32 32 96 98 49 95 114 51 48 95 97 96 32 100 101 99 105 109 97 108 40 50 48 44 48 41 32 68 69 70 65 85 76 84 32 78 85 76 76 44 10 32 32 96 98 49 95 114 51 48 95 98 96 32 100 101 99 105 109 97 108 40 50 48 44 48 41 32 68 69 70 65 85 76 84 32 78 85 76 76 44 10 32 32 96 98 49 95 114 51 48 95 99 96 32 100 101 99 105 109 97 108 40 50 48 44 48 41 32 68 69 70 65 85 76 84 32 78 85 76 76 44 10 32 32 96 98 49 95 114 51 48 95 100 96 32 100 101 99 105 109 97 108 40 50 48 44 48 41 32 68 69 70 65 85 76 84 32 78 85 76 76 44 10 32 32 96 98 49 95 114 51 48 95 101 96 32 100 101 99 105 109 97 108 40 50 48 44 48 41 32 68 69 70 65 85 76 84 32 78 85 76 76 44 10 32 32 96 98 49 95 114 51 48 95 102 96 32 100 101 99 105 109 97 108 40 50 48 44 48 41 32 68 69 70 65 85 76 84 32 78 85 76 76 44 10 32 32 96 98 49 95 114 51 49 95 97 96 32 100 101 99 105 109 97 108 40 50 48 44 48 41 32 68 69 70 65 85 76 84 32 78 85 76 76 44 10 32 32 96 98 49 95 114 51 49 95 98 96 32 100 101 99 105 109 97 108 40 50 48 44 48 41 32 68 69 70 65 85 76 84 32 78 85 76 76 44 10 32 32 96 98 49 95 114 51 49 95 99 96 32 100 101 99 105 109 97 108 40 50 48 44 48 41 32 68 69 70 65 85 76 84 32 78 85 76 76 44 10 32 32 96 98 49 95 114 51 49 95 100 96 32 100 101 99 105 109 97 108 40 53 44 50 41 32 68 69 70 65 85 76 84 32 78 85 76 76 44 10 32 32 96 98 49 95 114 51 49 95 101 96 32 108 111 110 103 116 101 120 116 32 67 79 76 76 65 84 69 32 117 116 102 56 109 98 52 95 117 110 105 99 111 100 101 95 99 105 44 10 32 32 96 98 49 95 114 51 50 95 97 96 32 100 101 99 105 109 97 108 40 50 48 44 48 41 32 68 69 70 65 85 76 84 32 78 85 76 76 44 10 32 32 96 98 49 95 114 51 50 95 98 96 32 100 101 99 105 109 97 108 40 50 48 44 48 41 32 68 69 70 65 85 76 84 32 78 85 76 76 44 10 32 32 96 98 49 95 114 51 50 95 99 96 32 100 101 99 105 109 97 108 40 50 48 44 48 41 32 68 69 70 65 85 76 84 32 78 85 76 76 44 10 32 32 96 98 49 95 114 51 50 95 99 49 96 32 98 105 103 105 110 116 32 68 69 70 65 85 76 84 32 78 85 76 76 44 10 32 32 96 98 49 95 114 51 50 95 100 96 32 100 101 99 105 109 97 108 40 49 53 44 50 41 32 68 69 70 65 85 76 84 32 78 85 76 76 44 10 32 32 96 98 49 95 114 51 51 95 97 96 32 100 101 99 105 109 97 108 40 53 44 50 41 32 68 69 70 65 85 76 84 32 78 85 76 76 44 10 32 32 96 98 49 95 114 51 51 95 98 96 32 100 101 99 105 109 97 108 40 53 44 50 41 32 68 69 70 65 85 76 84 32 78 85 76 76 44 10 32 32 96 98 49 95 114 51 51 95 99 96 32 100 101 99 105 109 97 108 40 53 44 50 41 32 68 69 70 65 85 76 84 32 78 85 76 76 44 10 32 32 96 98 49 95 114 51 51 95 100 96 32 100 101 99 105 109 97 108 40 53 44 50 41 32 68 69 70 65 85 76 84 32 78 85 76 76 44 10 32 32 96 98 49 95 114 51 51 95 101 96 32 100 101 99 105 109 97 108 40 53 44 50 41 32 68 69 70 65 85 76 84 32 78 85 76 76 44 10 32 32 96 98 49 95 114 51 51 95 102 96 32 100 101 99 105 109 97 108 40 53 44 50 41 32 68 69 70 65 85 76 84 32 78 85 76 76 44 10 32 32 96 98 49 95 114 51 51 95 103 96 32 100 101 99 105 109 97 108 40 53 44 50 41 32 68 69 70 65 85 76 84 32 78 85 76 76 44 10 32 32 96 98 50 95 99 97 116 97 116 97 110 96 32 116 101 120 116 32 67 79 76 76 65 84 69 32 117 116 102 56 109 98 52 95 117 110 105 99 111 100 101 95 99 105 44 10 32 32 96 98 51 95 114 49 96 32 118 97 114 99 104 97 114 40 49 48 48 41 32 67 79 76 76 65 84 69 32 117 116 102 56 109 98 52 95 117 110 105 99 111 100 101 95 99 105 32 68 69 70 65 85 76 84 32 78 85 76 76 44 10 32 32 96 98 51 95 114 51 96 32 118 97 114 99 104 97 114 40 50 48 41 32 67 79 76 76 65 84 69 32 117 116 102 56 109 98 52 95 117 110 105 99 111 100 101 95 99 105 32 68 69 70 65 85 76 84 32 78 85 76 76 44 10 32 32 96 98 51 95 114 52 96 32 118 97 114 99 104 97 114 40 49 48 48 41 32 67 79 76 76 65 84 69 32 117 116 102 56 109 98 52 95 117 110 105 99 111 100 101 95 99 105 32 68 69 70 65 85 76 84 32 78 85 76 76 44 10 32 32 96 99 97 116 97 116 97 110 95 110 103 105 98 97 114 96 32 116 101 120 116 32 67 79 76 76 65 84 69 32 117 116 102 56 109 98 52 95 117 110 105 99 111 100 101 95 99 105 44 10 32 32 96 116 97 110 103 103 97 108 95 112 101 108 97 107 115 97 110 97 97 110 96 32 100 97 116 101 116 105 109 101 40 51 41 32 68 69 70 65 85 76 84 32 78 85 76 76 44 10 32 32 96 115 117 98 109 105 116 116 101 100 95 97 116 96 32 100 97 116 101 116 105 109 101 40 51 41 32 68 69 70 65 85 76 84 32 78 85 76 76 44 10 32 32 96 117 112 100 97 116 101 100 95 97 116 96 32 100 97 116 101 116 105 109 101 40 51 41 32 68 69 70 65 85 76 84 32 78 85 76 76 44 10 32 32 80 82 73 77 65 82 89 32 75 69 89 32 40 96 105 100 96 41 44 10 32 32 85 78 73 81 85 69 32 75 69 89 32 96 80 101 110 100 97 116 97 97 110 85 109 107 109 95 112 101 114 117 115 97 104 97 97 110 73 100 95 107 101 121 96 32 40 96 112 101 114 117 115 97 104 97 97 110 73 100 96 41 44 10 32 32 85 78 73 81 85 69 32 75 69 89 32 96 117 110 105 95 112 101 110 100 97 116 97 97 110 117 109 107 109 95 112 101 114 117 115 97 104 97 97 110 95 105 100 96 32 40 96 112 101 114 117 115 97 104 97 97 110 95 105 100 96 41 44 10 32 32 67 79 78 83 84 82 65 73 78 84 32 96 102 107 95 112 101 114 117 115 97 104 97 97 110 95 112 101 110 100 97 116 97 97 110 95 117 109 107 109 96 32 70 79 82 69 73 71 78 32 75 69 89 32 40 96 112 101 114 117 115 97 104 97 97 110 95 105 100 96 41 32 82 69 70 69 82 69 78 67 69 83 32 96 112 101 114 117 115 97 104 97 97 110 96 32 40 96 105 100 96 41 10 41 32 69 78 71 73 78 69 61 73 110 110 111 68 66 32 68 69 70 65 85 76 84 32 67 72 65 82 83 69 84 61 117 116 102 56 109 98 52 32 67 79 76 76 65 84 69 61 117 116 102 56 109 98 52 95 117 110 105 99 111 100 101 95 99 105]


2026/09/22 18:08:52 [32mD:/Pekerjaan BPS1200/Tim Inovasi/Website/prangibar-go/cmd/showfk/main.go:66
[0m[33m[93.012ms] [34;1m[rows:10][0m 
SELECT TABLE_NAME, CONSTRAINT_NAME, COLUMN_NAME, REFERENCED_TABLE_NAME, REFERENCED_COLUMN_NAME
FROM information_schema.KEY_COLUMN_USAGE
WHERE TABLE_SCHEMA = DATABASE() AND REFERENCED_TABLE_NAME IS NOT NULL
--- all FKs ---
 |  |  -> .
 |  |  -> .
 |  |  -> .
 |  |  -> .
 |  |  -> .
 |  |  -> .
 |  |  -> .
 |  |  -> .
 |  |  -> .
 |  |  -> .
